promotion,title,start_date,end_date,rating,party_1,party_2,party_3,party_4
World Wrestling Entertainment,Legends of WrestleMania Teil II: Die Obsession des Heartbreak Kid,12/2009 , 03/2010,9.87,Comments,Shawn Michaels,The Undertaker,World Wrestling Entertainment
Ring Of Honor,I hate your f***ing guts: Generico vs. Steen,12/2009 , 12/2010,9.87,El Generico,Colt Cabana,Kevin Steen,Steve Corino
World Wrestling Entertainment,Die Abenteuer der SmackDown Six,10/2002 , 12/2002,9.85,Chris Benoit,Kurt Angle,Eddie Guerrero,Chavo Guerrero
Ring Of Honor,Heroes of Honor: Samoa Joe vs. CM Punk,06/2004 , 12/2004,9.85,Samoa Joe,CM Punk,Ring Of Honor,Summary
World Wrestling Entertainment,"Drei Teams, drei Buchstaben, ein Mythos: Hardys vs. E&C vs. Dudleyz",12/1999 , 05/2001,9.78,Comments,Jeff Hardy,Matt Hardy,Lita
World Wrestling Entertainment,Zur Hölle mit ihm: The Undertaker vs. Edge,05/2007 , 08/2008,9.77,Comments,The Undertaker,Edge,Vickie Guerrero
World Wrestling Entertainment,The Worst is yet to come: Michaels vs. Jericho II,04/2008 , 11/2008,9.76,Comments,Shawn Michaels,Chris Jericho,Lance Cade
World Wrestling Entertainment,"Eine Fehde, eine Ära: Austin vs. McMahon",04/1998 , 07/1999,9.75,Comments,Steve Austin,Vince McMahon,Dude Love
Impact Wrestling,Die Glorreichen Drei der X-Division,01/2005 , 04/2006,9.74,AJ Styles,Christopher Daniels,Samoa Joe,Total Nonstop Action Wrestling
World Wrestling Entertainment,Foleys großer Augenblick: Mankind vs. Rock,11/1998 , 03/1999,9.74,Comments,Mankind,The Rock,Vince McMahon
World Wrestling Entertainment,Schatten der Vergangenheit: Undertaker vs. Kane,05/1997 , 12/1998,9.73,Comments,The Undertaker,Kane,Paul Bearer
World Wrestling Entertainment,Chris gegen Chris: Benoit vs. Jericho,03/2000 , 02/2001,9.72,Comments,Chris Jericho,Chris Benoit,World Wrestling Federation
World Wrestling Entertainment,Just say no: Jeff Hardy vs. CM Punk,06/2009 , 08/2009,9.72,Jeff Hardy,Matt Hardy,CM Punk,John Morrison
World Wrestling Entertainment,Die ewige Jagd: Rocky vs. Triple H,04/1999 , 08/2000,9.71,Comments,The Rock,Triple H,Chyna
World Championship Wrestling,Die Jahrhundertfehde: Ric Flair vs. Ricky Steamboat,01/1989 , 05/1989,9.69,Comments,Ric Flair,Ricky Steamboat,NWA World Championship Wrestling
Extreme Championship Wrestling,Sprach der Rabe Nimmermehr: Raven vs. Dreamer,01/1995 , 06/1997,9.68,Comments,Tommy Dreamer,Luna Vachon,Terry Funk
IWA Mid-South,Als Hero auf Punk traf,09/2001 , 03/2003,9.68,Chris Hero,Nadia Nyce,CM Punk,Dave Prazak
Continental Wrestling Association,Comedian gegen Wrestler: Kaufman vs. Lawler,11/1981 , 11/1983,9.66,Andy Kaufman,Jimmy Hart,Jerry Lawler,Continental Wrestling Association
World Wrestling Entertainment,Y2J on Top of the World: Rock vs. Jericho,10/2001 , 01/2002,9.64,Comments,The Rock,Chris Jericho,World Wrestling Federation
World Wrestling Entertainment,Die Bruderfehde: Bret vs. Owen Hart,11/1993 , 03/1995,9.62,Bret Hart,The British Bulldog,Owen Hart,Jim Neidhart
World Wrestling Entertainment,Auf der Leiter des Erfolgs: Razor vs. Michaels,11/1993 , 08/1995,9.62,Razor Ramon,The 1-2-3 Kid,Shawn Michaels,Diesel
Lucha Underground,Tausend Leben und Tausend Tode: Fenix vs. Mil Muertes,10/2014 , 03/2015,9.61,Fenix,Mil Muertes,Catrina,Lucha Underground
World Wrestling Entertainment,Der Crippler erklimmt den Olymp,01/2004 , 04/2004,9.59,Chris Benoit,Triple H,Shawn Michaels,World Wrestling Entertainment
Ring Of Honor,Krieg der Lebenswelten: Raven vs. Punk,02/2003 , 11/2003,9.58,Comments,Raven,Tommy Dreamer,Terry Funk
World Wrestling Entertainment,Ein unerwünschter Erlösungsversuch: Mysterio vs. Jericho,05/2009 , 07/2009,9.55,Comments,Rey Mysterio,Chris Jericho,World Wrestling Entertainment
World Wrestling Entertainment,Die Geburt der Attitude-Ära: Austin gegen die Hart Foundation,09/1996 , 11/1997,9.54,Comments,Steve Austin,Bret Hart,Owen Hart
World Wrestling Entertainment,Das Comeback des Showstoppers: Michaels vs. Triple H,07/2002 , 06/2004,9.52,Comments,Shawn Michaels,Triple H,Ric Flair
World Wrestling Entertainment,"Der Geist, den er rief: Cactus Jack vs. Triple H",08/1999 , 04/2000,9.49,Comments,Cactus Jack,Mick Foley,Mankind
Ring Of Honor,Aus zwei mach eins: Danielson vs. McGuinness,04/2006 , 08/2006,9.49,Bryan Danielson,Nigel McGuinness,Ring Of Honor,Summary
Ring Of Honor,Schlange bleibt Schlange: CM Punks spektakulärer Abgang,06/2005 , 08/2005,9.48,Comments,CM Punk,Christopher Daniels,James Gibson
World Class Wrestling Association,Dauerkrieg im Lone Star State: Freebirds vs. Von Erichs,12/1982 , 09/1984,9.45,Kerry von Erich,Kevin von Erich,David von Erich,Mike von Erich
World Wrestling Entertainment,Legends Of WrestleMania: Taker vs. Michaels 09,02/2009 , 04/2009,9.44,The Undertaker,Shawn Michaels,Vladimir Kozlov,World Wrestling Entertainment
Ring Of Honor,Wenn Liebe blind macht: Die Jacobs-Whitmer-Saga,01/2006 , 03/2007,9.41,Comments,BJ Whitmer,Colt Cabana,Daizee Haze
World Wrestling Entertainment,Das Tier beendet die Evolution: Batista vs. Triple H,11/2004 , 06/2005,9.37,Comments,Batista,Triple H,Ric Flair
World Championship Wrestling,Chris Jericho - Mann der 1004 Moves,02/1998 , 08/1998,9.36,Comments,Chris Jericho,Lenny Lane,Dean Malenko
World Wrestling Entertainment,"Feinde, Freunde und zurück: Lesnar vs. Angle",10/2002 , 11/2003,9.34,Brock Lesnar,Vince McMahon,Kurt Angle,Paul Heyman
Impact Wrestling,AJ Styles & Christopher Daniels vs. LAX,07/2006 , 10/2006,9.33,AJ Styles,Christopher Daniels,Konnan,Homicide
Impact Wrestling,"Vier Männer, fünf Showstehler: Machine Guns vs. Beer Money",07/2010 , 08/2010,9.33,Alex Shelley,Chris Sabin,James Storm,Robert Roode
CHIKARA,Die Geschichte des Eye of Tyr,08/2009 , 11/2011,9.33,Hallowicked,Crossbones,Frightmare,Ares
Extreme Championship Wrestling,Family Values: Raven vs. The Sandman,12/1995 , 05/1997,9.3,Missy Hyatt,Raven,Stevie Richards,Tyler Fullington
World Wrestling Entertainment,Die Abschiedstour des Nature Boy,11/2007 , 03/2008,9.26,Comments,Ric Flair,Vince McMahon,Randy Orton
Ring Of Honor,Härtetest aus Fernost: Danielson vs. KENTA,03/2006 , 09/2006,9.25,Bryan Danielson,KENTA,Ring Of Honor,Summary
World Wrestling Entertainment,"Sex, Money & Fame: Edge gegen John Cena",01/2006 , 10/2006,9.24,Comments,John Cena,Edge,Lita
World Wrestling Entertainment,Sunnyboy auf der dunklen Seite: Undertaker vs. Michaels,08/1997 , 01/1998,9.24,Comments,The Undertaker,Shawn Michaels,Rick Rude
World Wrestling Entertainment,I am better than you: Matt Hardy vs. MVP,07/2007 , 05/2008,9.17,Comments,Matt Hardy,Montel Vontavious Porter,World Wrestling Entertainment
World Wrestling Entertainment,Das Ende einer Ära: Undertaker vs. Triple H 2012,01/2012 , 04/2012,9.16,The Undertaker,Triple H,Shawn Michaels,World Wrestling Entertainment
World Wrestling Entertainment,Gar nicht wundervoll: Hogan vs. Orndorff,06/1986 , 12/1986,9.14,Hulk Hogan,Paul Orndorff,Bobby Heenan,Adrian Adonis
Lucha Underground,"Erfolg schweißt zusammen: Angelico, Ivelisse & Son Of Havoc vs. The Crew & Dario Cueto",02/2015 , 03/2015,9.14,Angelico,Ivelisse,Son Of Havoc,Cortez Castro
World Wrestling Entertainment,Legend Killer Goes Hardcore: Orton vs. Foley,12/2003 , 05/2004,9.12,Comments,Mick Foley,Cactus Jack,The Rock
World Wrestling Entertainment,Mr. WrestleMania auf dem Prüfstand: Shawn Michaels vs. Kurt Angle,01/2005 , 10/2005,9.11,Comments,Shawn Michaels,Marty Jannetty,Kurt Angle
World Wrestling Entertainment,Wrestlingmaschinen im Wettstreit: Benoit vs. Angle,03/2001 , 06/2001,9.11,Chris Benoit,Kurt Angle,Edge,Christian
World Wrestling Entertainment,Mick Foley vs. Edge,02/2006 , 04/2006,9.06,Comments,Mick Foley,Edge,Lita
World Wrestling Entertainment,"Trish und Mickie: Weiblich, ledig, jung, sucht...",10/2005 , 06/2006,9.05,Comments,Mickie James,Trish Stratus,Ashley
World Wrestling Entertainment,Die Klapperschlange und der Sensenmann: Austin vs. Undertaker,06/1998 , 07/1999,9.05,Steve Austin,The Undertaker,Paul Bearer,Kane
World Wrestling Entertainment,Ricky Steamboat vs. Randy Savage,10/1986 , 03/1987,9.03,Ricky Steamboat,Bruno Sammartino,Randy Savage,World Wrestling Federation
Impact Wrestling,Ein Cage-Klassiker und seine Vorgeschichte: AMW vs. Triple X,01/2003 , 12/2004,9.03,Chris Harris,James Storm,Christopher Daniels,Primetime
Ring Of Honor,Wer stoppt Morishima?,04/2007 , 12/2008,9.0,Takeshi Morishima,Nigel McGuinness,Bryan Danielson,Ring Of Honor
World Championship Wrestling,Zwei Brüder gegen die Invasion: Steiner Brothers vs. Outsiders,01/1997 , 02/1998,9.0,Scott Steiner,Rick Steiner,Ted DiBiase,Kevin Nash
World Wrestling Entertainment,Die Klapperschlange gegen den Brahmabullen: Austin vs. Rock,11/1998 , 04/1999,8.97,Comments,Steve Austin,The Rock,World Wrestling Federation
World Wrestling Entertainment,Der Trickser und der Moralist: Eddie vs. Angle,02/2004 , 11/2004,8.97,Eddie Guerrero,Kurt Angle,Luther Reigns,Mark Jindrak
World Wrestling Entertainment,Hulk Hogans größte Herausforderung,01/1987 , 08/1988,8.91,Comments,Hulk Hogan,Randy Savage,Miss Elizabeth
Extreme Championship Wrestling,Eine Frage des Respekts: Rob Van Dam vs. Sabu,04/1996 , 09/1996,8.9,Sabu,Rob Van Dam,Bill Alfonso,Extreme Championship Wrestling
Extreme Championship Wrestling,Lawler im Land der Extremen: ECW vs. Team WWF,02/1997 , 12/1997,8.9,Comments,Tommy Dreamer,The Sandman,Paul Heyman
Ring Of Honor,Wenn Liebe Hass sät: Aries vs. Jacobs,03/2008 , 12/2008,8.9,Lacey,Jimmy Jacobs,Tyler Black,Allison Wonderland
World Championship Wrestling,Die WCW bekommt ihren People's Champion: Diamond Dallas Page vs. Randy Savage,01/1997 , 10/1997,8.9,Comments,Diamond Dallas Page,Kimberly Page,Randy Savage
Impact Wrestling,Kim - Kong erobert Orlando,09/2007 , 05/2008,8.88,Gail Kim,ODB,Awesome Kong,Amazing Kong
Ring Of Honor,"Man Up, Boys: Briscoes vs. Steen-erico",02/2007 , 09/2007,8.87,Jay Briscoe,Mark Briscoe,Kevin Steen,El Generico
World Wrestling Entertainment,Der Tod und das Tier: Undertaker vs. Batista,01/2007 , 12/2007,8.86,Comments,The Undertaker,Batista,World Wrestling Entertainment
World Wrestling Entertainment,Let The Game begin: Austin vs. Triple H,07/1999 , 02/2001,8.83,Comments,Steve Austin,Triple H,World Wrestling Federation
World Wrestling Entertainment,Die Invasion der Rookies: Cena vs. Nexus,06/2010 , 12/2010,8.83,Comments,John Cena,Bret Hart,John Morrison
Ohio Valley Wrestling,You Got Punk'd: CM Punk vs. Brent Albright,10/2005 , 05/2006,8.82,CM Punk,Brent Albright,Ken Doane,Ohio Valley Wrestling
Extreme Championship Wrestling,Ein Phänomen nimmt seinen Lauf: Dreamer vs. Sandman,07/1994 , 12/1994,8.82,Tommy Dreamer,The Sandman,Woman,Tommy Cairo
World Wrestling Entertainment,Die Vorgeschichte von Montreal: Hart vs. Michaels,03/1996 , 11/1997,8.82,Comments,Bret Hart,Shawn Michaels,World Wrestling Federation
Extreme Championship Wrestling,Auf Augenhöhe: Eddie Guerrero vs. Dean Malenko,04/1995 , 08/1995,8.8,Eddie Guerrero,Dean Malenko,Extreme Championship Wrestling,Summary
Extreme Championship Wrestling,Rivalen auf Lebenszeit: Mike Awesome vs. Masato Tanaka,09/1999 , 04/2000,8.75,Mike Awesome,Jeff Jones,Masato Tanaka,Taz
World Wrestling Entertainment,The Games kleiner Makel: Undertaker vs. Triple H,02/2001 , 04/2001,8.69,Comments,The Undertaker,Kane,Triple H
Ring Of Honor,Beharrlichkeit zahlt sich aus: Sydal vs. Daniels,10/2005 , 07/2006,8.67,Matt Sydal,Christopher Daniels,Ring Of Honor,Summary
World Wrestling Entertainment,Ein Phänomen erobert die große Bühne: Daniel Bryan vs. The Miz,02/2010 , 10/2010,8.64,Comments,Daniel Bryan,The Miz,Alex Riley
Ring Of Honor,Ligenkrieg in Philly: ROH vs. CZW,01/2006 , 07/2006,8.57,Comments,Jim Cornette,Samoa Joe,BJ Whitmer
Impact Wrestling,Eine Ehekrise und ihre blutigen Folgen: Styles vs. Angle,05/2008 , 09/2008,8.57,AJ Styles,Karen Angle,Kurt Angle,Tomko
Extreme Championship Wrestling,Cactus Jack vs. The Sandman,12/1994 , 07/1995,8.57,The Sandman,Terry Funk,Woman,DC Drake
World Wrestling Entertainment,The Age Of Orton,07/2007 , 06/2008,8.56,Comments,Randy Orton,John Cena,Mr. Cena
World Wrestling Entertainment,Trish vs. Lita - der letzte Akt,08/2006 , 09/2006,8.56,Trish Stratus,Lita,World Wrestling Entertainment,Summary
World Championship Wrestling,Der Texaner greift nochmal an: Ric Flair vs. Terry Funk,05/1989 , 11/1989,8.52,Ric Flair,Sting,Terry Funk,Gary Hart
World Wrestling Entertainment,Die Ministry greift nach der Macht,12/1998 , 05/1999,8.5,Comments,The Undertaker,Paul Bearer,Faarooq
World Championship Wrestling,Nach eigenen Regeln: Raven vs. Benoit vs. DDP,11/1997 , 05/1998,8.5,Raven,Saturn,Kidman,Lodi
Ring Of Honor,Turbulenzen hoch fünf: Danielson vs. Homicide,11/2004 , 05/2005,8.5,Bryan Danielson,Homicide,Low Ki,Julius Smokes
Lucha Underground,Von gefährdeten Freundschaften und Ärger mit dem Chef: Dario Cueto & The Crew vs. Johnny Mundo vs. Prince Puma,09/2014 , 10/2014,8.5,Comments,Dario Cueto,Big Ryck,Cortez Castro
Lucha Underground,Zwei Freunde und eine alles verändernde Chance: Aero Star vs. Drago,01/2015 , 02/2015,8.5,Drago,Prince Puma,Lucha Underground,Summary
World Wrestling Entertainment,My Angel is a Centerfold? Randy Savage vs. Ric Flair,02/1992 , 11/1992,8.48,Miss Elizabeth,Mr. Perfect,Ric Flair,Razor Ramon
World Wrestling Entertainment,Opportunist und Traumzerstörer: Jeff Hardy vs. Edge,11/2008 , 06/2009,8.47,Comments,Jeff Hardy,Edge,Vickie Guerrero
World Wrestling Entertainment,Die Garantie des Börsengurus: Eddie Guerrero vs. JBL,03/2004 , 12/2004,8.46,Comments,Eddie Guerrero,John Bradshaw Layfield,World Wrestling Entertainment
World Wrestling Entertainment,Das Austin Rock Da Capo,02/2003 , 03/2003,8.44,Comments,Steve Austin,The Rock,World Wrestling Entertainment
World Wrestling Entertainment,Hulk Hogans ultimative Herausforderung,01/1990 , 04/1990,8.43,Comments,Hulk Hogan,The Ultimate Warrior,World Wrestling Federation
World Wrestling Entertainment,Kein Respekt fürs alte Idol: Michaels vs. Jericho,12/2002 , 04/2003,8.42,Shawn Michaels,Chris Jericho,World Wrestling Entertainment,Summary
World Wrestling Entertainment,Die Rockers fallen in Scherben: Michaels vs. Jannetty,01/1992 , 07/1993,8.41,Marty Jannetty,Sensational Sherri,Shawn Michaels,Diesel
Lucha Underground,"Große Namen, noch größere Egos: Alberto El Patron vs. Johnny Mundo",02/2015 , 04/2015,8.4,Alberto El Patron,Johnny Mundo,Melina,Lucha Underground
World Wrestling Entertainment,Wo die Liebe hinfällt: Jericho vs. Christian,11/2003 , 09/2004,8.38,Comments,Chris Jericho,Christian,Trish Stratus
World Championship Wrestling,Identität in Gefahr: Rey Misterio Jr. vs. Eddie Guerrero,09/1997 , 12/1997,8.38,Rey Misterio Jr.,Eddie Guerrero,World Championship Wrestling,Summary
World Wrestling Entertainment,Die Erben der Attitude-Ära: Cena vs. Batista,01/2010 , 05/2010,8.38,Comments,John Cena,Mark Henry,Batista
World Wrestling Entertainment,Best in the World - Part Two: Jericho vs. Punk II,05/2013 , 06/2013,8.36,Comments,Chris Jericho,CM Punk,Paul Heyman
Impact Wrestling,TNA's Traumpaarung: Kurt Angle vs. Samoa Joe,10/2006 , 04/2008,8.35,Kurt Angle,Karen Angle,Samoa Joe,Total Nonstop Action Wrestling
World Wrestling Entertainment,Jeff Hardy schnuppert an der Spitze,11/2007 , 01/2008,8.27,Jeff Hardy,Triple H,Randy Orton,World Wrestling Entertainment
World Wrestling Entertainment,Der Legendentöter und der Totengräber,02/2005 , 12/2005,8.25,The Undertaker,Randy Orton,Bob Orton,World Wrestling Entertainment
World Wrestling Entertainment,Die Austin-McMahon-Verbrüderung,02/2001 , 04/2001,8.25,The Rock,Steve Austin,Vince McMahon,World Wrestling Federation
World Wrestling Entertainment,"Die Schlacht um die Hardcore-Hoheit: Foley, Edge und die ECW",05/2006 , 06/2006,8.23,Comments,Tommy Dreamer,Terry Funk,Beulah
Impact Wrestling,Raven gegen die New Church,06/2003 , 11/2003,8.19,Comments,Raven,CM Punk,Julio Dinero
World Championship Wrestling,"Benoit, Booker und die Glückszahl Sieben",03/1998 , 06/1998,8.18,Booker T,Fit Finlay,World Championship Wrestling,Summary
Ring Of Honor,Die verschmähte Gesellschaft schlägt zurück: Briscoes vs. Age Of The Fall,09/2007 , 09/2008,8.18,Comments,Jay Briscoe,Mark Briscoe,Daizee Haze
World Wrestling Entertainment,Der Kampf der Könige: Hart vs. Lawler,06/1993 , 09/1995,8.17,Comments,Bret Hart,Owen Hart,Bruce Hart
Ring Of Honor,Castagnoli vs. Sweet 'n' Sour,12/2006 , 04/2008,8.17,Claudio Castagnoli,Larry Sweeney,Chris Hero,Matt Sydal
Ring Of Honor,Ein süßsaurer Störfaktor: McGuinness vs. Hero,03/2007 , 01/2008,8.17,Comments,Nigel McGuinness,Chris Hero,Larry Sweeney
World Championship Wrestling,High Noon in der WCW: Hogan vs. Sting,07/1996 , 03/1998,8.14,Comments,Sting,Hollywood Hogan,Hulk Hogan
Impact Wrestling,Auch Monster haben Ängste: Sabu vs. Abyss,08/2005 , 12/2005,8.14,Sabu,Abyss,James Mitchell,Total Nonstop Action Wrestling
World Wrestling Entertainment,Verkaufte Ehre: Luger vs. Tatanka,07/1994 , 02/1995,8.14,Comments,Lex Luger,Tatanka,Ted DiBiase
Impact Wrestling,Sting gegen Planet Jarrett,12/2005 , 10/2006,8.12,Comments,Sting,Samoa Joe,Jeff Jarrett
World Wrestling Entertainment,Vier Jungstars erklimmen die Leiter: Edge & Christian vs. The Hardy Boyz,06/1999 , 10/1999,8.12,Edge,Christian,Jeff Hardy,Matt Hardy
Ring Of Honor,Homicides Jagd auf den ROH World Title,06/2006 , 12/2006,8.09,Homicide,Julius Smokes,Ricky Reyes,Konnan
Impact Wrestling,Kevin Nash gegen die X-Division,05/2006 , 08/2006,8.08,Comments,Chris Sabin,Sonjay Dutt,Jay Lethal
World Wrestling Entertainment,WrestleMania Begins: Hulk Hogan & Mr. T vs. Roddy Piper,12/1984 , 04/1986,8.08,Hulk Hogan,Mr. T,Paul Orndorff,Roddy Piper
World Wrestling Entertainment,Hogan und Rock: Der Kampf der Ikonen,02/2002 , 03/2002,8.06,Comments,The Rock,Hulk Hogan,Hollywood Hogan
World Wrestling Entertainment,Wenn der Tod beim Deadman plündert: Undertaker vs. Punk II,03/2013 , 04/2013,8.06,Comments,Undertaker,Kane,CM Punk
World Wrestling Entertainment,"A new day, already? DX vs. Legacy",07/2009 , 10/2009,8.05,Comments,Triple H,Shawn Michaels,Cody Rhodes
Impact Wrestling,Der mit dem Wolf tanzt: Desmond Wolfe vs. Kurt Angle,10/2009 , 12/2009,8.05,Comments,Desmond Wolfe,Kurt Angle,Total Nonstop Action Wrestling
Ohio Valley Wrestling,Die Explosion der Thrillseekers,07/2005 , 12/2005,8.0,Matt Cappotelli,Danny Davis,Johnny Jeter,Ken Anderson
World Wrestling Entertainment,Eine Männerfreundschaft zerbricht: Diesel vs. Michaels,11/1994 , 04/1995,8.0,Diesel,Shawn Michaels,Sid,World Wrestling Federation
Impact Wrestling,Pioniere der X-Division: AJ Styles vs. Jerry Lynn,06/2002 , 12/2002,8.0,AJ Styles,Sonny Siaki,Mortimer Plumtree,Jerry Lynn
CHIKARA,Zwei Wolkenkratzer im Duell: Brodie Lee vs. Claudio Castagnoli,04/2008 , 09/2008,8.0,Brodie Lee,Claudio Castagnoli,CHIKARA,Summary
World Wrestling Entertainment,Der bleiche Bully und der weiße Ritter: Morrison vs. Sheamus,10/2010 , 01/2011,7.96,John Morrison,Santino Marella,Vladimir Kozlov,Sheamus
World Wrestling Entertainment,Bob Backlund knallt durch,07/1994 , 04/1995,7.95,Bret Hart,British Bulldog,Bob Backlund,Owen Hart
Westside Xtreme Wrestling,Vier Schwergewichte lassen's krachen: HCCC vs. GTS & Iceman,06/2005 , 04/2006,7.94,Adam Polak,Baron von Hagen,GTS,Iceman
Ring Of Honor,Was Klopapier anrichten kann: Rave vs. McGuinness,10/2006 , 03/2007,7.94,Nigel McGuinness,Jimmy Rave,Ring Of Honor,Summary
World Wrestling Entertainment,Die Explosion der Mega Powers,12/1988 , 02/1990,7.9,Hulk Hogan,Miss Elizabeth,Brutus Beefcake,Randy Savage
World Wrestling Entertainment,Die Reinheit der Haare: Rey Mysterio vs. CM Punk,02/2010 , 06/2010,7.88,Comments,Rey Mysterio,CM Punk,Luke Gallows
World Wrestling Entertainment,British Bulldogs vs. Hart Foundation,01/1987 , 08/1987,7.87,Davey Boy Smith,The Dynamite Kid,Tito Santana,Bret Hart
Impact Wrestling,"Bier, Geld, Gürtel und Gold: LAX vs. Beer Money Inc.",06/2008 , 01/2009,7.87,Homicide,Hernandez,Hector Guerrero,Salinas
World Wrestling Entertainment,"Jericho, die Legenden und die Wiedergeburt des Drachen",01/2009 , 04/2009,7.87,Comments,Ric Flair,Ricky Steamboat,Roddy Piper
World Championship Wrestling,Lost in Cleveland: Cactus Jack vs. Vader,01/1993 , 11/1993,7.86,Cactus Jack,Vader,Big Van Vader,Harley Race
Extreme Championship Wrestling,Pay your Bills: The Sandman vs. Tommy Cairo,01/1994 , 07/1994,7.86,The Sandman,Woman,Tommy Cairo,Peaches
Impact Wrestling,Ein seltsames Paar und seine Probleme: Joe vs. Nash,10/2008 , 05/2009,7.85,Comments,Samoa Joe,Kevin Nash,Total Nonstop Action Wrestling
World Wrestling Entertainment,Dreamers Traum wird wahr,04/2009 , 08/2009,7.82,Comments,Tommy Dreamer,Christian,Jack Swagger
Impact Wrestling,Samoa Joe vs. Christian Cage,02/2007 , 10/2007,7.81,Junior Fatu,Christian Cage,Tomko,AJ Styles
World Wrestling Entertainment,Once in a Lifetime: The Rock vs. John Cena,02/2011 , 04/2012,7.81,Comments,The Rock,John Cena,World Wrestling Entertainment
World Wrestling Entertainment,Im Namen des Nature Boy: Michaels vs. Batista,04/2008 , 06/2008,7.8,Shawn Michaels,Batista,Chris Jericho,World Wrestling Entertainment
World Championship Wrestling,Don't Blame Canada: Lance Storm als Dreifach-Champ,06/2000 , 08/2000,7.79,Lance Storm,Jacques Rougeau,Carl Ouellet,Elix Skipper
Impact Wrestling,Generationskonflikt im großen Stil: Main Event Mafia vs. TNA Frontline,10/2008 , 10/2009,7.77,Comments,Kurt Angle,Kevin Nash,Samoa Joe
World Wrestling Entertainment,Blitz-Aufstieg mit Augenzwinkern: Mysterio vs. Del Rio,08/2010 , 01/2011,7.77,Comments,Rey Mysterio,Alberto Del Rio,Ricardo Rodriguez
World Wrestling Entertainment,Der Showstop für den Champ? - Cena vs. Michaels,01/2007 , 04/2007,7.76,Comments,John Cena,Shawn Michaels,Edge
Ohio Valley Wrestling,Der Pirat macht ernst: Burchill vs. Chet vs. Duncan,10/2006 , 02/2007,7.75,Jacob Duncan,Paul Burchill,Ohio Valley Wrestling,Summary
World Wrestling Entertainment,McMahons Albtraum beginnt: Austin vs. Michaels,05/1997 , 04/1998,7.75,Steve Austin,Shawn Michaels,Triple H,Chyna
Ring Of Honor,Second City Saints vs. Generation Next,07/2004 , 12/2004,7.75,CM Punk,Ace Steel,Colt Cabana,Ricky Steamboat
World Wrestling Entertainment,Ein steinkalter Charakterwandel: Vega vs. Austin,03/1996 , 06/1996,7.75,Savio Vega,Steve Austin,Ted DiBiase,The 1-2-3 Kid
German Stampede Wrestling,Aller guten Dinge sind drei: Absolute Andy vs. Chris Colen,11/2005 , 12/2006,7.71,Absolute Andy,Joerg Guth,Shadow,John Kay
World Championship Wrestling,Die Heimkehr des Nature Boy,02/1993 , 07/1993,7.71,Comments,Ric Flair,Arn Anderson,Paul Roma
World Championship Wrestling,Echte Männer tragen Kleider? Saturn vs. Jericho,12/1998 , 03/1999,7.71,Perry Saturn,Chris Jericho,Ralphus,Scott Dickinson
World Wrestling Entertainment,Shawn Michaels' Pakt mit dem Teufel,10/2008 , 02/2009,7.7,Shawn Michaels,John Bradshaw Layfield,John Cena,World Wrestling Entertainment
Impact Wrestling,Von X-Boxes und Ferraris: Machine Guns vs. Generation Me,01/2010 , 12/2010,7.7,Comments,Alex Shelley,Chris Sabin,Jeremy Buck
Championship Wrestling From Florida,Okkultes und Obskures: Dusty Rhodes vs. Kevin Sullivan,10/1981 , 06/1984,7.67,Barry Windham,Kevin Sullivan,Jake Roberts,Purple Haze
Extreme Championship Wrestling,Shane Douglas gegen die Pitbulls,06/1996 , 05/1997,7.67,Shane Douglas,Francine,Brian Lee,Pitbull #2
World Wrestling Entertainment,Zwölf Jahre später: Das Nachbeben von Montreal,12/2009 , 03/2010,7.67,Comments,Bret Hart,John Cena,David Hart Smith
Ring Of Honor,Wer ist das Ace? Die Aries-Danielson-Serie,10/2007 , 11/2007,7.67,Austin Aries,Bryan Danielson,Ring Of Honor,Summary
World Wrestling Entertainment,Undertaker vs. Diesel,12/1995 , 03/1996,7.64,Paul Bearer,Diesel,World Wrestling Federation,Summary
World Wrestling Entertainment,Eine Titelvereinigung und ein Zwillings-Zwist: Carlito & Primo vs. Miz & Morrison,01/2009 , 04/2009,7.63,Carlito,Primo,Brie Bella,John Morrison
World Wrestling Entertainment,Der 1-2-3 Kid schockt Razor Ramon,05/1993 , 08/1993,7.62,The Kid,Razor Ramon,Ted DiBiase,Irwin R. Schyster
World Wrestling Entertainment,Mundwasser und blanke Hinterteile: Piper vs. Rude,07/1989 , 12/1989,7.62,Roddy Piper,Rick Rude,Bobby Heenan,Haku
World Wrestling Entertainment,D-Generation X vs. Rated-RKO,10/2006 , 01/2007,7.58,Comments,Triple H,Shawn Michaels,Ric Flair
World Wrestling Entertainment,Des Teufels liebster Dämon - Undertaker vs. Kane 2010,06/2010 , 10/2010,7.58,Comments,The Undertaker,Kane,Paul Bearer
Ohio Valley Wrestling,Von Schummlern und Stoffhasen: Cabana vs. Spears,08/2007 , 02/2008,7.57,Shawn Spears,Ted McNaler,Ohio Valley Wrestling,Summary
World Wrestling Entertainment,Die Rückkehr eines Superhelden: Hurricane vs. Burchill,08/2009 , 12/2009,7.57,The Hurricane,Paul Burchill,Katie Lea,World Wrestling Entertainment
Impact Wrestling,Das blutige Ende von AMW,12/2006 , 06/2007,7.56,Chris Harris,Gail Kim,Petey Williams,James Storm
Extreme Championship Wrestling,Der Underdog ganz oben: Mikey Whipwreck vs. The Sandman vs. Steve Austin,07/1995 , 12/1995,7.56,Mikey Whipwreck,The Sandman,Woman,Steve Austin
World Wrestling Entertainment,"Suck it, Vince: Die Rückkehr der DX",05/2006 , 09/2006,7.55,Comments,Triple H,Shawn Michaels,Vince McMahon
World Wrestling Entertainment,Mehr als ein Power Ranger: Benoit vs. MVP,02/2007 , 06/2007,7.55,Chris Benoit,Montel Vontavious Porter,World Wrestling Entertainment,Summary
World Wrestling Entertainment,Warum Velocity uns fehlt: Akio vs. London,09/2004 , 06/2005,7.55,Paul London,Akio,World Wrestling Entertainment,Summary
World Wrestling Entertainment,Art copies Life: Matt Hardy vs. Edge,07/2005 , 10/2005,7.53,Comments,Matt Hardy,Edge,Lita
World Wrestling Entertainment,"Spieglein, Spieglein: Trish vs. Victoria",08/2002 , 05/2003,7.53,Trish Stratus,Victoria,Steven Richards,World Wrestling Entertainment
World Wrestling Entertainment,Der Griff nach dem Messingring: Hardy vs. HHH vs. Kozlov,08/2008 , 12/2008,7.52,Jeff Hardy,Triple H,Vladimir Kozlov,World Wrestling Entertainment
World Wrestling Entertainment,Schicksalstage: Christian & Edge vs. Alberto Del Rio,09/2010 , 05/2011,7.52,Christian,Edge,Alberto Del Rio,Brodus Clay
World Wrestling Entertainment,Das zweite Gesicht: Rey Mysterio vs. Cody Rhodes,01/2011 , 05/2011,7.51,Rey Mysterio,Cody Rhodes,World Wrestling Entertainment,Summary
World Wrestling Entertainment,Best in the World: CM Punk vs. Chris Jericho,02/2012 , 04/2012,7.51,Comments,CM Punk,Chris Jericho,World Wrestling Entertainment
World Wrestling Entertainment,Alundra Blayze vs. Bull Nakano,08/1994 , 04/1995,7.5,Alundra Blayze,Bull Nakano,Luna Vachon,World Wrestling Federation
World Wrestling Entertainment,Ein junger Hund sucht den Revierkampf: Taker vs. Cena,06/2003 , 08/2003,7.5,Comments,The Undertaker,Orlando Jordan,John Cena
World Wrestling Entertainment,"Christian, Regal und die böse Tafelrunde",06/2009 , 11/2009,7.48,Christian,Tommy Dreamer,Yoshi Tatsu,Goldust
World Wrestling Entertainment,Bob Backlund entthront den Superstar,01/1978 , 09/1978,7.47,Superstar Billy Graham,World Wide Wrestling Federation,Notes,(?)
World Wrestling Entertainment,Battle of The Brands: SmackDown vs. RAW 2005,09/2005 , 12/2005,7.44,Theodore Long,Batista,Rey Mysterio,John Bradshaw Layfield
World Wrestling Entertainment,Hardys vs. MNM,08/2006 , 03/2007,7.44,Jeff Hardy,Matt Hardy,Johnny Nitro,Melina
World Championship Wrestling,Die Raza verbündet sich: Die Geschichte der Latino World Order,10/1998 , 12/1998,7.4,Rey Mysterio Jr.,Eddie Guerrero,Juventud Guerrera,Psychosis
Impact Wrestling,Christian Cage vs. Abyss,03/2006 , 06/2006,7.39,Christian Cage,Abyss,James Mitchell,Alex Shelley
World Wrestling Entertainment,Undertaker vs. Brock Lesnar,08/2002 , 10/2002,7.39,Brock Lesnar,Paul Heyman,Matt Hardy Version 1.0,World Wrestling Entertainment
World Wrestling Entertainment,Von Speeren und Achillesfersen: Edge vs. Jericho,07/2009 , 04/2010,7.38,Comments,Edge,Chris Jericho,Wade Barrett
Extreme Championship Wrestling,Wie Benoit zum Crippler wurde,10/1994 , 04/1995,7.37,Dean Malenko,Sabu,The Tazmaniac,Rick Steiner
World Wrestling Entertainment,Ein Trauma und ein Geheimnis: Eddie vs. Rey 05,03/2005 , 09/2005,7.36,Rey Mysterio,Vickie Guerrero,Dominik Mysterio,Eddie Guerrero
World Wrestling Entertainment,Die letzten Outlaws: Undertaker vs. Triple H 2011,02/2011 , 04/2011,7.36,Comments,The Undertaker,Triple H,World Wrestling Entertainment
Extreme Championship Wrestling,"Extreme Underdog, die Zweite: Whipwreck & Cactus Jack vs. Public Enemy",08/1994 , 12/1994,7.33,Cactus Jack,Mikey Whipwreck,Johnny Grunge,Rocco Rock
Lucha Underground,Die Maschine fordert den Champion: Cage vs. Prince Puma,10/2014 , 01/2015,7.33,Prince Puma,Konnan,Hernandez,Lucha Underground
World Wrestling Entertainment,Ric Flair vs. Undertaker,02/2002 , 03/2002,7.32,Ric Flair,Arn Anderson,David Flair,The Undertaker
World Wrestling Entertainment,Hogan und die schwarz-schillernde Allianz,08/1991 , 02/1992,7.29,Comments,Hulk Hogan,Ric Flair,The Undertaker
Impact Wrestling,Eine letzte Chance für das Sorgenkind - Jeff Hardy vs. Jeff Jarrett 2011,09/2011 , 12/2011,7.29,Comments,Jeff Hardy,Jeff Jarrett,Karen Jarrett
United States Wrestling Association,Die Harts in Lawlers Königreich,06/1993 , 09/1993,7.25,Jerry Lawler,Jeff Jarrett,Bret Hart,Owen Hart
Athletik Club Wrestling,Die englische Herausforderung: Toby Nathland vs. Jonny Storm,08/2006 , 12/2007,7.25,Marco Zercher,Marco Z,Jonny Storm,Kosta Kaperdos
Impact Wrestling,Eine Freundschaft zerbricht: AJ Styles vs. Daniels vs. Samoa Joe '09,10/2009 , 12/2009,7.25,Comments,AJ Styles,Daniels,Samoa Joe
World Wrestling Entertainment,Miniaturen und Ministry-Erinnerungen: Undertaker vs. JBL,07/2004 , 12/2004,7.23,The Undertaker,John Bradshaw Layfield,Orlando Jordan,Gangrel
Impact Wrestling,17 Years Later: Foley vs. Sting,03/2009 , 05/2009,7.22,Comments,Mick Foley,Sting,Total Nonstop Action Wrestling
World Wrestling Entertainment,Vergiftete Geschenke: Savage vs. Roberts,08/1991 , 02/1992,7.21,Comments,Randy Savage,Miss Elizabeth,Jake Roberts
World Wrestling Entertainment,Immer Ärger mit der Ex: Edge vs. Ziggler,01/2011 , 02/2011,7.21,Edge,Kelly Kelly,Dolph Ziggler,Vickie Guerrero
World Wrestling Entertainment,John Cena bremst den Bulldozer,11/2006 , 01/2007,7.2,John Cena,Umaga,Armando Estrada,Armando Alejandro Estrada
World Wrestling Entertainment,Kettensägen und Container: NAO vs. Cactus Jack & Chainsaw Charlie,12/1997 , 03/1998,7.2,Cactus Jack,Dude Love,Chainsaw Charlie,The Road Dogg
World Wrestling Entertainment,Austin vs. Rock - der Anfang,10/1997 , 12/1997,7.2,Steve Austin,The Rock,Faarooq,D-Lo Brown
World Wrestling Entertainment,Shawn Michaels gegen die McMahons,12/2005 , 04/2006,7.18,Shawn Michaels,Marty Jannetty,Vince McMahon,Shane McMahon
World Wrestling Entertainment,Fair geht vor: Hardys vs. Cade & Murdoch,04/2007 , 06/2007,7.17,Matt Hardy,Lance Cade,Trevor Murdoch,Charlie Haas
World Wrestling Entertainment,Undertaker & Kane vs. Kennedy & MVP,09/2006 , 12/2006,7.15,Comments,The Undertaker,Kane,Mr. Kennedy
World Championship Wrestling,Der Kampf der Super-Stables: Horsemen vs. nWo,07/1996 , 12/1997,7.15,Comments,Ric Flair,Arn Anderson,Chris Benoit
World Wrestling Entertainment,Wer überfuhr Steve Austin?,09/2000 , 02/2001,7.14,Comments,Steve Austin,Rikishi,Triple H
World Wrestling Entertainment,Frustbewältigung mit Folgen: Kingston vs. Orton,10/2009 , 01/2010,7.13,Kofi Kingston,Randy Orton,Cody Rhodes,Ted DiBiase
Ohio Valley Wrestling,Die Waffen der Frauen: Spears & Runnels vs. Deuce & Domino,09/2006 , 12/2006,7.1,Shawn Spears,Deuce,Domino,Cherry
World Wrestling Entertainment,Glorifizierter Stuntman? - Flair vs. Foley,06/2006 , 08/2006,7.1,Comments,Ric Flair,Mick Foley,Melina
World Championship Wrestling,"Singin', Dancin', Flyin': 3-Count vs. Jung Dragons",03/2000 , 10/2000,7.09,Shane Helms,Shannon Moore,Tank Abbott,Kaz Hayashi
World Wrestling Entertainment,Cena - Orton: Das Finale,07/2009 , 10/2009,7.09,Comments,John Cena,Randy Orton,Cody Rhodes
World Wrestling Entertainment,Eine Geschäftspartnerschaft zerbricht: Perfect vs. Flair,11/1992 , 01/1993,7.08,Mr. Perfect,Ric Flair,Bobby Heenan,World Wrestling Federation
World Wrestling Entertainment,Der König der Welt wird gestürzt: Triple H vs. Jericho,01/2002 , 06/2002,7.03,Comments,Triple H,Chris Jericho,Stephanie McMahon
Ohio Valley Wrestling,Er fürchtet weder Tod noch Teufel: Jack Bull vs. Joey Mercury,10/2006 , 12/2006,7.0,SoSay,Joey Mercury,Aaron Stevens,Ohio Valley Wrestling
Impact Wrestling,Abyss' düsteres Geheimnis,11/2006 , 04/2007,7.0,Comments,Sting,Abyss,James Mitchell
World Championship Wrestling,Der Kampf der Midnight Expresses,11/1988 , 02/1989,7.0,Bobby Eaton,Stan Lane,Jim Cornette,Dennis Condrey
World Wrestling Entertainment,Captain Charisma ist zurück an Bord: Christian vs. Swagger,02/2009 , 06/2009,7.0,Comments,Christian,Jack Swagger,World Wrestling Entertainment
World Wrestling Entertainment,Dominante Duos: Brothers Of Destruction vs. Two Men Powertrip,04/2001 , 05/2001,7.0,Comments,The Undertaker,Kane,Steve Austin
World Wrestling Entertainment,Die Väter des Booms - 20 Jahre danach: Hogan vs. McMahon,01/2003 , 07/2003,7.0,Zach Gowen,Stephanie McMahon,Mr. America,Vince McMahon
World Wrestling Entertainment,One Man Band auf Revival-Tour: Heath Slater und die WWE Legenden,06/2012 , 07/2012,7.0,Lita,Roddy Piper,Vader,Sycho Sid
World Wrestling Entertainment,Stephanie & Test: Hochzeit mit Hindernissen,06/1999 , 12/1999,6.97,Stephanie McMahon,Gerald Brisco,Pat Patterson,Shane McMahon
World Wrestling Entertainment,Champion ohne Würde? Cena vs. Miz 2011,01/2011 , 05/2011,6.97,Comments,John Cena,The Miz,Alex Riley
World Wrestling Entertainment,Schwarz holt Gold: Der Taker gewinnt seinen zweiten Titel,01/1997 , 08/1997,6.94,Sycho Sid,Bret Hart,World Wrestling Federation,Summary
World Championship Wrestling,Eine nachgeholte Dream-Fehde: Hogan vs. Flair,06/1994 , 10/1994,6.93,Hulk Hogan,Jimmy Hart,Ric Flair,Sensuous Sherri
World Wrestling Entertainment,Wall Street vs. Street Style: Cena entthront JBL,02/2005 , 05/2005,6.91,John Cena,John Bradshaw Layfield,Orlando Jordan,World Wrestling Entertainment
World Wrestling Entertainment,Von McMahons Gnaden: Long vs. McIntyre,04/2010 , 07/2010,6.9,Comments,Theodore Long,Matt Hardy,Kofi Kingston
Impact Wrestling,Sprach der Rabe... einmal noch: Dreamer vs. Raven 2010,07/2010 , 08/2010,6.9,Tommy Dreamer,Raven,Total Nonstop Action Wrestling,Summary
World Wrestling Entertainment,Die Wiedergeburt des Deadman,11/2003 , 03/2004,6.89,Comments,The Undertaker,Paul Bearer,Kane
World Wrestling Entertainment,Die geknackte Kokosnuss und ihre Folgen: Piper vs. Snuka,03/1984 , 06/1985,6.89,Jimmy Snuka,Tonga Kid,Roddy Piper,Bob Orton
Impact Wrestling,Matt Morgan und die Mafia,04/2009 , 10/2009,6.89,Matt Morgan,Kurt Angle,Sting,AJ Styles
World Wrestling Entertainment,Wer attackierte den Undertaker?,06/2010 , 08/2010,6.88,Kane,Rey Mysterio,The Big Show,CM Punk
World Wrestling Entertainment,"Der Aufstieg des Ezekiel, der Abgang der ECW",12/2009 , 02/2010,6.88,William Regal,Christian,Vladimir Kozlov,World Wrestling Entertainment
World Wrestling Entertainment,Die Vendetta der Viper: Orton vs. McMahon/Helmsley,01/2009 , 08/2009,6.86,Comments,Triple H,Vince McMahon,Stephanie McMahon
World Wrestling Entertainment,Der King of Kings reklamiert seinen Thron: Cena vs. HHH,02/2006 , 05/2006,6.85,Comments,John Cena,Triple H,World Wrestling Entertainment
Extreme Championship Wrestling,"Der Champion, der den Titel nie verlor: Rob Van Dam vs. Rhino",03/2000 , 10/2000,6.83,Rob Van Dam,Bill Alfonso,Yoshihiro Tajiri,Kid Kash
World Wrestling Entertainment,Shelton macht Ärger im Paradies: Kingston vs. Benjamin,04/2008 , 06/2008,6.83,Shelton Benjamin,World Wrestling Entertainment,Summary,(?)
World Wrestling Entertainment,"If Cena wins, we riot: Cena gegen die ECW",05/2006 , 07/2006,6.82,John Cena,Rob Van Dam,Paul Heyman,Sabu
Impact Wrestling,Gekränkte Soldaten-Ehre: Angle vs. Anderson,02/2010 , 04/2010,6.82,Comments,Kurt Angle,Mr. Anderson,Total Nonstop Action Wrestling
Mid-Atlantic Championship Wrestling,Die originale Best Of 7 Serie: Magnum vs. Nikita,04/1986 , 08/1986,6.8,Magnum TA,Nikita Koloff,Ivan Koloff,Krusher Kruschev
World Wrestling Entertainment,And Dat Is De Bottom Lines: Santino vs. Austin,09/2007 , 11/2007,6.8,Santino Marella,Steve Austin,World Wrestling Entertainment,Summary
Impact Wrestling,Die letzte Schlacht der ECW Originals: EV 2.0 vs. Fourtune,08/2010 , 11/2010,6.8,Tommy Dreamer,Mick Foley,Raven,Rob Van Dam
World Wrestling Entertainment,"Virtuelle Bühne, reale Feindschaft: Cryme Tyme vs. Miz & Morrison",08/2008 , 01/2009,6.79,JTG,Shad,John Morrison,The Miz
World Wrestling Entertainment,Jenseits von Gut und Böse: Punk vs. Morrison,06/2007 , 11/2007,6.78,Comments,CM Punk,John Morrison,Johnny Nitro
Impact Wrestling,Rhino vs. Christian Cage,08/2006 , 11/2006,6.76,Rhino,Christian Cage,Total Nonstop Action Wrestling,Summary
World Championship Wrestling,Spiel mit dem Feuer: Sting vs. Vampiro,04/2000 , 09/2000,6.76,Vampiro,The Great Muta,Violent J,Shaggy 2 Dope
World Wrestling Entertainment,Big Shows WrestleMania-Fluch: Big Show vs. Cody Rhodes,02/2012 , 05/2012,6.76,Comments,Big Show,Cody Rhodes,World Wrestling Entertainment
World Wrestling Entertainment,Kampf der Giganten: Andre vs. Studd,02/1983 , 03/1986,6.75,Andre The Giant,Big John Studd,Freddie Blassie,Bobby Heenan
World Wrestling Entertainment,Ein rüdes Erwachen für den Warrior,01/1989 , 08/1990,6.75,The Ultimate Warrior,Rick Rude,Bobby Heenan,World Wrestling Federation
World Wrestling Entertainment,"Who needs enemies, when you've got a BFF?  Layla vs. Michelle McCool",01/2011 , 05/2011,6.75,Comments,Layla,Michelle McCool,World Wrestling Entertainment
World Wrestling Entertainment,Big Hungry überfrisst sich: CM Punk vs. Ryback,09/2012 , 02/2013,6.74,Comments,Ryback,CM Punk,Paul Heyman
World Wrestling Entertainment,Der Dunkle wechselt die Seiten: Undertaker vs. Roberts,02/1992 , 04/1992,6.73,Comments,The Undertaker,Paul Bearer,Jake Roberts
World Wrestling Entertainment,Ein unerwünschter Verehrer: Razor vs. Goldust,12/1995 , 02/1996,6.73,Razor Ramon,Goldust,Marlena,World Wrestling Federation
Extreme Championship Wrestling,Eliminators vs. Dudleys,03/1997 , 06/1997,6.71,Perry Saturn,Buh Buh Ray Dudley,D-Von Dudley,Big Dick Dudley
World Wrestling Entertainment,Vickies schlagkräftiger Rächer: Undertaker vs. Big Show,09/2008 , 12/2008,6.71,The Undertaker,The Big Show,Vickie Guerrero,Chavo Guerrero
World Wrestling Entertainment,Evolution und Konter-Evolution: Orton vs. Triple H,08/2004 , 01/2005,6.7,Randy Orton,Triple H,Ric Flair,Batista
World Wrestling Entertainment,Die Revolution frisst ihre Kinder: Heyman vs. RVD,06/2006 , 12/2006,6.69,Rob Van Dam,Sabu,Paul Heyman,The Big Show
World Wrestling Entertainment,"Eine Tür ist zu, ein Fenster offen: Matt Hardy vs. Mark Henry",07/2008 , 10/2008,6.69,Comments,Matt Hardy,Mark Henry,Tony Atlas
Lucha Underground,Drachenjagd: Drago vs. King Cuerno,09/2014 , 10/2014,6.67,Drago,King Cuerno,Lucha Underground,Summary
Lucha Underground,Der Jäger und das Großwild: Johnny Mundo vs. King Cuerno,01/2015 , 01/2015,6.67,Johnny Mundo,King Cuerno,Lucha Underground,Summary
World Wrestling Entertainment,"Benoit vs. Booker: Best of Seven, Klappe die Zweite",07/2005 , 02/2006,6.65,Chris Benoit,Booker T,Sharmell,Randy Orton
Impact Wrestling,Beer Money Inc. in der Zange,10/2008 , 02/2009,6.62,James Storm,Robert Roode,Jacqueline,Abyss
World Wrestling Entertainment,Legend vs. Icon: Hulk Hogan gegen Shawn Michaels,04/2005 , 08/2005,6.61,Comments,Hulk Hogan,Shawn Michaels,World Wrestling Entertainment
World Championship Wrestling,Rey vs. Chavo - das erste Kapitel,01/2001 , 02/2001,6.6,Rey Mysterio Jr.,Chavo Guerrero Jr.,World Championship Wrestling,Summary
Impact Wrestling,Bei der Ehre des Sheik: Sabu vs. Raven,04/2004 , 08/2004,6.57,Sabu,Sonjay Dutt,Total Nonstop Action Wrestling,Summary
World Wrestling Entertainment,Der Bruch der Guerreros,01/2004 , 02/2004,6.56,Eddie Guerrero,Chavo Guerrero,Chavo Guerrero Sr.,World Wrestling Entertainment
World Championship Wrestling,Dem Raben entschwirrt sein Flock: Raven vs. Saturn vs. Kanyon,05/1998 , 09/1998,6.56,Comments,Raven,Lodi,Kidman
Impact Wrestling,Das Alphatier auf Goldjagd,07/2004 , 01/2005,6.56,Jeff Jarrett,Total Nonstop Action Wrestling,Summary,(?)
World Wrestling Entertainment,Der Neid zerfrisst ein Bruder-Team: Edge vs. Christian,09/2001 , 11/2001,6.52,Edge,Christian,World Wrestling Federation,Summary
Ring Of Honor,Die letzte Mission des Samoaners: Joe vs. NOAH,09/2006 , 03/2007,6.5,Samoa Joe,Takeshi Morishima,KENTA,Nigel McGuinness
Impact Wrestling,"Neue Heimat, alte Feinde: Raven vs. The Sandman 2003",02/2003 , 03/2003,6.5,Comments,Raven,The Sandman,National Wrestling Alliance Total Nonstop Action
World Championship Wrestling,Alex Wright vs. Chris Jericho,06/1997 , 08/1997,6.48,Alex Wright,Chris Jericho,World Championship Wrestling,Summary
World Wrestling Entertainment,Die Ankunft des Next Big Thing,03/2002 , 05/2002,6.47,Comments,Brock Lesnar,Paul Heyman,Jeff Hardy
New Wrestling Entertainment,Zehn Jahre danach: Die Rückkehr des Warrior,04/2008 , 06/2008,6.43,Rob Van Dam,Orlando Jordan,Nu-Wrestling Evolution,Summary
Impact Wrestling,Allein gegen den Rest der Welt: Hernandez vs. World Elite,08/2009 , 10/2009,6.43,Eric Young,Homicide,Rob Terry,Brutus Magnus
World Wrestling Entertainment,Die jungen gegen die alten Wilden: ECW Originals vs. New Breed,01/2007 , 04/2007,6.42,Rob Van Dam,Sabu,Tommy Dreamer,The Sandman
World Wrestling Entertainment,The Rock vs. Undertaker,04/1999 , 06/1999,6.42,The Rock,The Undertaker,Paul Bearer,World Wrestling Federation
Impact Wrestling,Team 3D gegen die X-Division,09/2007 , 02/2008,6.42,Comments,Jay Lethal,Alex Shelley,Chris Sabin
World Wrestling Entertainment,Batista vs. Edge,05/2007 , 06/2007,6.4,Batista,Edge,World Wrestling Entertainment,Summary
World Wrestling Entertainment,Rede nicht über den Hund: Jeff Hardy vs. MVP,05/2008 , 09/2008,6.4,Comments,Jeff Hardy,Montel Vontavious Porter,Shelton Benjamin
World Wrestling Entertainment,Die große Stunde des Shooters: Holly vs. Lesnar,09/2002 , 01/2004,6.39,Hardcore Holly,Brock Lesnar,The Big Show,Paul Heyman
Extreme Championship Wrestling,Der extremste aller Underdogs: Der Beginn der Mikey Whipwreck Story,05/1994 , 08/1994,6.36,Mikey Whipwreck,Jason,Pitbull #1,Pitbull #2
World Wrestling Entertainment,"Särge, Rudelattacken und Chuck Norris: Undertaker vs. Yokozuna",11/1993 , 11/1994,6.36,Comments,The Undertaker,Paul Bearer,Yokozuna
Impact Wrestling,Für Amerika: AMW vs. LAX,10/2006 , 12/2006,6.34,Chris Harris,James Storm,Gail Kim,Petey Williams
World Wrestling Entertainment,MNM vs. London & Kendrick,04/2006 , 12/2006,6.33,Nitro,Mercury,Melina,Brian Kendrick
Impact Wrestling,Abyss gegen Christian's Coalition,04/2007 , 08/2007,6.33,Abyss,Sting,Andrew Martin,Christian Cage
Extreme Championship Wrestling,Die ECW kommt auf den LSD-Trip: Spike vs. Bam Bam,08/1997 , 09/1997,6.33,Bam Bam Bigelow,Extreme Championship Wrestling,Summary,(?)
World Wrestling Entertainment,Shawn Michaels vs. Mr. Kennedy,11/2007 , 01/2008,6.32,Shawn Michaels,Marty Jannetty,Mr. Kennedy,World Wrestling Entertainment
World Wrestling Entertainment,Neue Helden braucht das Land: Luger vs. Yokozuna,07/1993 , 03/1994,6.31,Lex Luger,Yokozuna,Mr. Fuji,James E. Cornette
World Wrestling Entertainment,Double J gegen Double R: Jarrett vs. Razor,01/1995 , 06/1995,6.31,Razor Ramon,The 1-2-3 Kid,Savio Vega,Jeff Jarrett
Extreme Championship Wrestling,Extreme Farewell: Cactus Jack vs. Mikey Whipwreck,12/1995 , 03/1996,6.3,Comments,Cactus Jack,Mikey Whipwreck,Shane Douglas
World Wrestling Entertainment,Der Fall und Wiederaufstieg Bret Harts,04/1993 , 03/1994,6.3,Bret Hart,Yokozuna,Mr. Fuji,World Wrestling Federation
World Wrestling Entertainment,Kick it: Michaels vs. Orton 07,06/2007 , 11/2007,6.29,Shawn Michaels,Randy Orton,World Wrestling Entertainment,Summary
World Wrestling Entertainment,Glamour Girl gegen Glamazon: Melina vs. Beth,05/2008 , 04/2009,6.29,Melina,Beth Phoenix,Santino Marella,Rosa Mendes
World Wrestling Entertainment,"Hello, my Name is Eugene...",04/2004 , 10/2004,6.28,Eugene,William Regal,Chris Benoit,Eric Bischoff
Impact Wrestling,Big Poppa auf der Pirsch: Lashley vs. Steiner,10/2009 , 12/2009,6.25,Bobby Lashley,Kristal,Scott Steiner,Total Nonstop Action Wrestling
Impact Wrestling,Generationenkrieg in der X-Division,09/2006 , 03/2007,6.22,Chris Sabin,Jerry Lynn,Christopher Daniels,Total Nonstop Action Wrestling
World Wrestling Entertainment,Das Animal auf Abwegen: Batista vs. Mysterio vs. Undertaker,10/2009 , 01/2010,6.22,Comments,Batista,Rey Mysterio,The Undertaker
Wrestling Society X,Der Kampf um den WSX Title,02/2006 , 11/2006,6.21,6-Pac,Ricky Banderas,Wrestling Society X,Notes
World Wrestling Entertainment,Das erste NXT Titelmatch bei WrestleMania: Rhea Ripley vs. Charlotte Flair,01/2020 , 04/2020,6.2,Rhea Ripley,Bianca Belair,World Wrestling Entertainment,Summary
World Wrestling Entertainment,"Batista vs. Edge, die Zweite",05/2008 , 07/2008,6.16,Comments,Batista,Edge,Vickie Guerrero
Impact Wrestling,Das feindselige Idol: Lethal vs. Flair,05/2010 , 09/2010,6.13,Comments,Jay Lethal,Ric Flair,AJ Styles
Impact Wrestling,Ethno Wars: Team 3D vs. LAX,12/2006 , 05/2007,6.12,Brother Ray,Brother Devon,Brother Runt,Johnny Rodz
World Wrestling Entertainment,Im Käfig mit dem wandelnden Wohnhaus: Hulk Hogan vs. King Kong Bundy,10/1985 , 04/1986,6.12,Hulk Hogan,King Kong Bundy,Bobby Heenan,World Wrestling Federation
World Wrestling Entertainment,Die letzten Träume des Königs: Lawler vs. Miz,11/2010 , 02/2011,6.12,Comments,Jerry Lawler,The Miz,Alex Riley
World Wrestling Entertainment,Der Captain kann es noch: Headshrinkers vs. Quebecers,03/1994 , 06/1994,6.11,Fatu,Samu,Afa,Jacques
World Wrestling Entertainment,Edge vs. Eddie Guerrero,07/2002 , 09/2002,6.1,Edge,Eddie Guerrero,Chavo Guerrero,World Wrestling Entertainment
World Wrestling Entertainment,CM Punks zertretener Traum,09/2008 , 11/2008,6.08,CM Punk,Kofi Kingston,Randy Orton,Cody Rhodes
World Wrestling Entertainment,Der Aufstieg der Glamazon: Candice vs. Phoenix,08/2007 , 10/2007,6.07,Comments,Candice Michelle,Beth Phoenix,World Wrestling Entertainment
World Wrestling Entertainment,Fehlende Schutzengel: John Cena vs. Ryback,04/2013 , 06/2013,6.07,Comments,John Cena,Ryback,World Wrestling Entertainment
World Championship Wrestling,Mysterio verliert seine Maske,01/1999 , 03/1999,6.0,Rey Mysterio Jr.,Konnan,Kevin Nash,Lex Luger
Mid-Atlantic Championship Wrestling,A Flair For The Gold: Ric Flair vs. Harley Race,06/1983 , 11/1983,6.0,Comments,Ric Flair,Harley Race,Bob Orton Jr.
World Wrestling Entertainment,"Al Snow, der Muster-Europäer",08/2000 , 10/2000,6.0,William Regal,World Wrestling Federation,Summary,(?)
Impact Wrestling,Jerry Lynn gegen Konnans Luchadores,02/2003 , 03/2003,6.0,Jerry Lynn,Konnan,Juventud Guerrera,Super Crazy
World Wrestling Entertainment,Der Goldene erhebt sich aus dem Staub: Goldust vs. Sheamus,07/2009 , 09/2009,6.0,Sheamus,World Wrestling Entertainment,Summary,(?)
World Wrestling Entertainment,Die Anatomie des Schmerzes: Finlay vs. Knox,07/2009 , 09/2009,6.0,Mike Knox,World Wrestling Entertainment,Summary,(?)
Impact Wrestling,Vom Fast-Rücktritt zu neuer Glorie: Styles vs. Angle Revisited,09/2009 , 01/2010,6.0,AJ Styles,Ric Flair,Earl Hebner,Kurt Angle
World Wrestling Entertainment,Die Hart-Sippe gegen Miz & Company,03/2010 , 05/2010,6.0,Comments,Bret Hart,David Hart Smith,Tyson Kidd
World Wrestling Entertainment,Triple Hs schmutzige Anfänge: Godwinn vs. Helmsley,09/1995 , 12/1995,6.0,Henry O. Godwinn,Hunter Hearst Helmsley,World Wrestling Federation,Summary
World Wrestling Entertainment,Ein sommerliches Gipfeltreffen: Cena vs. Batista,07/2008 , 08/2008,5.96,John Cena,Batista,World Wrestling Entertainment,Summary
World Wrestling Entertainment,Das Duell der General Manager: Team Johnny vs. Team Teddy,02/2012 , 04/2012,5.95,John Laurinaitis,David Otunga,Mark Henry,Jack Swagger
Impact Wrestling,Tag-Legenden unter sich: Team 3D vs. Steiners,05/2007 , 10/2007,5.89,Rick Steiner,Road Warrior Animal,Brother Ray,Brother Devon
World Wrestling Entertainment,Eine Hassfigur wird zum Liebling: Piper vs. Adonis,08/1986 , 03/1987,5.88,Roddy Piper,Brutus Beefcake,Adrian Adonis,Jimmy Hart
World Wrestling Entertainment,Steiner Brothers vs. Quebecers,09/1993 , 11/1993,5.88,Rick Steiner,Scott Steiner,Jacques,Pierre
World Wrestling Entertainment,Eine offene Rechnung: Orton vs. Punk,01/2011 , 05/2011,5.88,Comments,Randy Orton,CM Punk,Mason Ryan
World Championship Wrestling,Drei Extreme im Turner-Land: Hak vs. Bigelow vs. Raven,02/1999 , 05/1999,5.86,Hak,Hardcore Hak,Chastity,Bam Bam Bigelow
World Wrestling Entertainment,Ein Erdbeben erschüttert Hulkamania: Hogan vs. Earthquake,02/1990 , 02/1991,5.86,Hulk Hogan,Tugboat,The Big Boss Man,Jim Duggan
World Wrestling Entertainment,Mickie gegen die Terror-Zicken,10/2009 , 02/2010,5.84,Maria,Michelle McCool,Layla,Vickie Guerrero
World Wrestling Entertainment,Eine extreme Reifeprüfung: Dreamer vs. Swagger,09/2008 , 11/2008,5.83,Tommy Dreamer,Jack Swagger,World Wrestling Entertainment,Summary
World Wrestling Entertainment,Natural Disasters vs. Money Inc.,03/1992 , 11/1992,5.83,Earthquake,Typhoon,Ted DiBiase,Irwin R. Schyster
Lucha Underground,Freund oder Feind?: Hernandez vs. Prince Puma,01/2015 , 03/2015,5.83,Hernandez,Prince Puma,Konnan,Cage
World Wrestling Entertainment,King Bookers Krönung,04/2006 , 06/2006,5.82,Bobby Lashley,King Booker,Booker T,Queen Sharmell
Ring Of Honor,Die nächste Stable-Generation: Resilience vs. NRC,02/2007 , 11/2007,5.8,Comments,Austin Aries,Matt Cross,Erick Stevens
World Wrestling Entertainment,London & Kendrick vs. James & Stevens,08/2006 , 11/2006,5.8,Paul London,Brian Kendrick,Ashley,Idol Stevens
World Wrestling Entertainment,Klassenkampf in der WWF: Rhodes vs. DiBiase,08/1990 , 01/1991,5.75,Dusty Rhodes,Dustin Rhodes,Ted DiBiase,Virgil
World Wrestling Entertainment,Duell der Shooting Stars: Morrison vs. Ziggler,08/2009 , 11/2009,5.75,John Morrison,Dolph Ziggler,World Wrestling Entertainment,Summary
World Wrestling Entertainment,The Next Big Thing gelingt das Unmögliche: Brock Lesnar vs. The Undertaker,02/2014 , 04/2014,5.75,Comments,Brock Lesnar,Paul Heyman,The Undertaker
World Wrestling Entertainment,"Save us, Y2J: Die Wiederkehr Chris Jerichos",11/2007 , 12/2007,5.74,Comments,Chris Jericho,Randy Orton,World Wrestling Entertainment
World Wrestling Entertainment,Der doppelte Undertaker,06/1994 , 08/1994,5.74,The Undertaker,Paul Bearer,The Undertaker,Ted DiBiase
World Wrestling Entertainment,Unvollendete Ambitionen: Mysterio vs. Ziggler,07/2009 , 08/2009,5.73,Rey Mysterio,Dolph Ziggler,World Wrestling Entertainment,Summary
World Wrestling Entertainment,Ein Bulldozer als Wegsperre: Punk vs. Umaga,04/2009 , 06/2009,5.71,CM Punk,Umaga,World Wrestling Entertainment,Summary
World Wrestling Entertainment,Thron-Attacke vom keltischen Krieger: Triple H vs. Sheamus,02/2010 , 02/2011,5.7,Comments,Triple H,Sheamus,World Wrestling Entertainment
World Wrestling Entertainment,Irische Aggressionen: Rey Mysterio vs. Finlay,09/2007 , 11/2007,5.68,Rey Mysterio,Finlay,World Wrestling Entertainment,Summary
Ohio Valley Wrestling,Kalter Krieg mal anders: Alexiev vs. Kruel,01/2007 , 03/2007,5.67,Mr. Strongko,Mike Kruel,Roucka,Shawn Osbourne
World Championship Wrestling,Der Hitman begehrt auf: Bret Hart vs. Goldberg,03/1999 , 09/2000,5.67,Comments,Bret Hart,Goldberg,World Championship Wrestling
World Wrestling Entertainment,Tough enough - really? Maven vs. Tazz,10/2001 , 10/2001,5.67,Nidia,Al Snow,Tazz,World Wrestling Federation
World Wrestling Entertainment,Nicht ins Gesicht: Rick Martel vs. Shawn Michaels,07/1992 , 08/1992,5.67,Rick Martel,Shawn Michaels,Sensational Sherri,World Wrestling Federation
World Wrestling Entertainment,Ein Brutalo wird zum Angsthasen: Undertaker vs. Kamala,08/1992 , 11/1992,5.65,The Undertaker,Paul Bearer,Kamala,Harvey Wippleman
World Wrestling Entertainment,Nichts zu Lachen für Crush,01/1993 , 07/1993,5.64,Comments,Crush,Doink,Doink
World Wrestling Entertainment,Der Golfkrieg in der WWF-Version,08/1990 , 08/1991,5.64,Comments,Hulk Hogan,The Ultimate Warrior,Jim Duggan
World Wrestling Entertainment,Das Bruderband zerreißt: Hardy vs. Hardy,01/2009 , 04/2009,5.63,Comments,Jeff Hardy,Matt Hardy,World Wrestling Entertainment
Impact Wrestling,Erfolg schafft Neider: AJ Styles vs. Kid Kash,06/2004 , 09/2004,5.62,AJ Styles,Kid Kash,Dallas,Total Nonstop Action Wrestling
World Wrestling Entertainment,Ein Pirat auf Beutezug: Hart vs. LaFitte,07/1995 , 10/1995,5.62,Bret Hart,Jean-Pierre LaFitte,World Wrestling Federation,Summary
Lucha Underground,Auge um Auge: Big Ryck vs. Sexy Star vs. The Crew & Dario Cueto,10/2014 , 01/2015,5.62,Big Ryck,Sexy Star,Mascarita Sagrada,Pimpinela Escarlata
World Wrestling Entertainment,Der Urnenraub der Million Dollar Corporation,11/1994 , 08/1995,5.6,The Undertaker,Paul Bearer,Irwin R. Schyster,Ted DiBiase
World Wrestling Entertainment,Arrrh! Burchill wird zum Piraten,02/2006 , 04/2006,5.59,William Regal,World Wrestling Entertainment,Summary,Notes
World Wrestling Entertainment,Die dunkle Seite des Hawaiianers: Savage vs. Crush,09/1993 , 03/1994,5.59,Randy Savage,Crush,Mr. Fuji,World Wrestling Federation
World Wrestling Entertainment,Kaltstart zurück nach oben: Cena vs. Jericho 08,11/2008 , 02/2009,5.59,Comments,John Cena,Chris Jericho,World Wrestling Entertainment
World Wrestling Entertainment,Ritterliche Gesten und eine perfekte Verschwörung: Mero vs. Helmsley,03/1996 , 01/1997,5.57,Marc Mero,Sable,Hunter Hearst Helmsley,Mr. Perfect
CHIKARA,The Colony zieht in den Krieg,03/2007 , 09/2007,5.56,Comments,Soldier Ant,Fire Ant,Worker Ant
World Wrestling Entertainment,Der Flieger probt den Gipfelsturm: Bourne vs. Jericho,06/2010 , 07/2010,5.54,Comments,Evan Bourne,Chris Jericho,World Wrestling Entertainment
Ohio Valley Wrestling,Die Anfänge Kenny Dykstras: Doane vs. MNM,08/2004 , 11/2004,5.5,Johnny Nitro,Joey Matthews,Melina,Ohio Valley Wrestling
World Wrestling Entertainment,Drei Könige sind einer zuviel,06/2007 , 08/2007,5.5,Triple H,Jerry Lawler,King Booker,World Wrestling Entertainment
World Wrestling Entertainment,Delaney & Dreamer vs. Miz & Morrison,01/2008 , 02/2008,5.48,Colin Delaney,Tommy Dreamer,John Morrison,The Miz
World Wrestling Entertainment,Ein halbes Jahr Exil: Raven bei Heat,06/2002 , 12/2002,5.45,Raven,D-Lo Brown,Tommy Dreamer,The Hurricane
World Wrestling Entertainment,"Neubesinnung, neue Ambitionen: Booker T vs. JBL",10/2004 , 12/2004,5.43,Booker T,Josh Mathews,John Bradshaw Layfield,Orlando Jordan
World Wrestling Entertainment,I choppy choppy your pee pee: Venis vs. Kai En Tai,06/1998 , 08/1998,5.42,Val Venis,Yamaguchi-San,Sho Funaki,Dick Togo
World Wrestling Entertainment,Ankle Locks und Wasserwürfe: Mysterio vs. Swagger,06/2010 , 07/2010,5.42,Rey Mysterio,Jack Swagger,World Wrestling Entertainment,Summary
World Wrestling Entertainment,Die große Chance der Unvollendeten: Cryme Tyme vs. Jericho & Big Show,07/2009 , 09/2009,5.4,Comments,JTG,Shad Gaspard,Chris Jericho
World Wrestling Entertainment,Ein Shooting Star dreht durch: Kidman vs. London,08/2004 , 12/2004,5.39,Paul London,Chavo Guerrero,Billy Kidman,World Wrestling Entertainment
World Wrestling Entertainment,D-Lo als Doppelchamp: Brown vs. Jarrett,07/1999 , 09/1999,5.38,D-Lo Brown,Jeff Jarrett,Debra,Mark Henry
Impact Wrestling,Samoa Joe vs. Booker T,05/2008 , 08/2008,5.38,Comments,Samoa Joe,Kevin Nash,Booker T
World Wrestling Entertainment,Paartanzen in der WWE: Chris Jericho vs. Fandango,03/2013 , 05/2013,5.38,Chris Jericho,Fandango,Summer Rae,World Wrestling Entertainment
World Wrestling Entertainment,Bröckelndes Vermächtnis: Das Ende von Legacy,01/2010 , 03/2010,5.36,Randy Orton,Ted DiBiase,Cody Rhodes,World Wrestling Entertainment
World Wrestling Entertainment,Goldberg gegen den Great One,03/2003 , 05/2003,5.33,Goldberg,The Rock,Christian,World Wrestling Entertainment
World Wrestling Entertainment,Freitägliche Glamour-Gefechte: Melina vs. McCool,04/2009 , 10/2009,5.33,Melina,Michelle McCool,Alicia Fox,Layla
World Wrestling Entertainment,Kane vs. Umaga,08/2006 , 11/2006,5.32,Kane,Umaga,Armando Alejandro Estrada,World Wrestling Entertainment
World Wrestling Entertainment,Die Emanzipation des Virgil,01/1991 , 12/1991,5.29,Virgil,Roddy Piper,El Matador,Ted DiBiase
World Wrestling Entertainment,Ein Großmaul kriegt großen Ärger: Khali vs. Ziggler,04/2009 , 06/2009,5.29,Ranjin Singh,Dolph Ziggler,World Wrestling Entertainment,Summary
Impact Wrestling,Eine Therapie mit Tücken: Abyss vs. Dr. Stevie,04/2009 , 12/2009,5.27,Abyss,Lauren Thompson,Taylor Wilde,Dr. Stevie
World Wrestling Entertainment,Keine Angst vor großen Tieren: Cena vs. Miz,04/2009 , 08/2009,5.26,John Cena,The Miz,World Wrestling Entertainment,Summary
Impact Wrestling,"Ohrfeigen, Pornos und Psychiater: Angle vs. Sting",09/2007 , 11/2007,5.25,Comments,Sting,Booker T,Kurt Angle
Impact Wrestling,He creamed him with a Fish! Curry Man & Shark Boy vs. Team 3D,02/2008 , 03/2008,5.25,Shark Boy,Brother Ray,Brother Devon,Johnny Devine
World Championship Wrestling,Tom Gerhardt und Berlyns Auspuff,09/1999 , 02/2000,5.23,Tom Gerhardt,World Championship Wrestling,Summary,(?)
World Wrestling Entertainment,Der Kampf der Milliardäre: Trump vs. McMahon,01/2007 , 04/2007,5.22,Bobby Lashley,Vince McMahon,Umaga,Armando Estrada
Ohio Valley Wrestling,Ein Troubleshooter wird zum Ärgernis,06/2007 , 08/2007,5.22,Michael W. Kruel,Roucka,Vladimir Kozlov,The Belgium Brawler
Impact Wrestling,Jeff Jarrett vs. Scott Hall,06/2002 , 07/2002,5.22,Jeff Jarrett,Brian Lawler,Brian Christopher,K-Krush
World Wrestling Entertainment,Cool erwischt: John Cena vs. Carlito,10/2004 , 12/2004,5.19,John Cena,Carlito Caribbean Cool,Jesus,World Wrestling Entertainment
World Wrestling Entertainment,Horowitz wins! Horowitz wins!,06/1995 , 11/1995,5.18,Barry Horowitz,Hakushi,Skip,Sunny
World Wrestling Entertainment,Der Erfolgsmagnet und die Eisenfaust: Big Show vs. Swagger,04/2010 , 06/2010,5.18,Comments,The Big Show,Jack Swagger,World Wrestling Entertainment
World Wrestling Entertainment,Der Auserwählte beweist sich: Morrison vs. McIntyre,12/2009 , 02/2010,5.17,Comments,John Morrison,Drew McIntyre,World Wrestling Entertainment
Lucha Underground,Der blaue Dämon weckt den Guerrero-Zorn: Blue Demon Jr. & Sexy Star vs. Chavo Guerrero Jr.,09/2014 , 10/2014,5.17,Blue Demon Jr.,Sexy Star,Fenix,Chavo Guerrero Jr.
World Wrestling Entertainment,Das Model stiehlt Tatankas Federn,04/1992 , 11/1992,5.15,Tatanka,Rick Martel,World Wrestling Federation,Summary
World Wrestling Entertainment,Der Gigant und das Million Dollar Baby: Big Show vs. Mayweather,02/2008 , 03/2008,5.14,Comments,Floyd Mayweather,The Big Show,World Wrestling Entertainment
World Wrestling Entertainment,Mickie schockt die Glamazon,12/2007 , 06/2008,5.12,Mickie James,Beth Phoenix,World Wrestling Entertainment,Summary
World Championship Wrestling,Eine Familienangelegenheit: Flair vs. Russo,04/2000 , 06/2000,5.12,Comments,Ric Flair,Arn Anderson,Reid Flair
World Wrestling Entertainment,Das Ringen um Michelle: Noble vs. Palumbo,11/2007 , 03/2008,5.11,Comments,Jamie Noble,Michelle McCool,Chuck Palumbo
Impact Wrestling,"Big Poppa, Little Petey und der Kampf um die Koffer",12/2007 , 02/2008,5.1,Scott Steiner,Rhaka Khan,Total Nonstop Action Wrestling,Summary
World Wrestling Entertainment,"Kane, X-Pac und die Fühler der dunklen Seite",07/1999 , 09/1999,5.1,Kane,X-Pac,The Road Dogg,The Undertaker
World Wrestling Entertainment,Die Resozialisierten: MVP vs. Miz,01/2010 , 02/2010,5.08,Comments,Montel Vontavious Porter,Mark Henry,The Miz
World Wrestling Entertainment,Vom Royal-Rumble-Sieger zum World Heavyweight Champion: Sheamus vs. Daniel Bryan,02/2012 , 05/2012,5.08,Comments,Sheamus,Daniel Bryan,AJ
World Wrestling Entertainment,Respekt wird verdient: Batista vs. Jericho,09/2008 , 11/2008,5.03,Comments,Batista,Chris Jericho,World Wrestling Entertainment
Ohio Valley Wrestling,Verhängnisvolle Goldgier: Runnels vs. Spears,04/2007 , 07/2007,5.0,Mike Mondo,Shawn Spears,Ohio Valley Wrestling,Summary
Impact Wrestling,Vier alte Rivalen zurück auf dem Zerstörungspfad: Cage & Rhino vs. Team 3D,04/2008 , 08/2008,5.0,Christian Cage,Rhino,Brother Ray,Brother Devon
World Wrestling Entertainment,"Ein Hahn, ein Wiesel und eine Kultfigur: Red Rooster vs. Bobby Heenan",12/1988 , 05/1989,5.0,Bobby Heenan,The Brooklyn Brawler,World Wrestling Federation,Summary
World Wrestling Entertainment,Der Härtetest nach dem großen Sieg: Punk vs. JBL,06/2008 , 08/2008,4.93,CM Punk,John Bradshaw Layfield,World Wrestling Entertainment,Summary
World Wrestling Entertainment,Abgeschnittener Stolz: Tatanka vs. Bigelow,04/1993 , 01/1994,4.93,Tatanka,Sensational Sherri,Bam Bam Bigelow,Luna Vachon
World Wrestling Entertainment,Der alte Fuchs maßregelt die Jugend: Flair vs. Carlito,02/2007 , 06/2007,4.89,Ric Flair,Torrie Wilson,Carlito,World Wrestling Entertainment
World Wrestling Entertainment,Zwei Motormäule tragen es aus: Piper vs. Lawler,05/1994 , 06/1994,4.89,Roddy Piper,Jerry Lawler,World Wrestling Federation,Notes
World Wrestling Entertainment,Matt Hardy vs. Gregory Helms,07/2006 , 11/2006,4.88,Matt Hardy,Gregory Helms,World Wrestling Entertainment,Summary
World Wrestling Entertainment,Das Ende eines Cowboy-Duos: Bart vs. Billy Gunn,10/1996 , 12/1996,4.88,Billy Gunn,Sunny,World Wrestling Federation,Summary
World Championship Wrestling,Der Neustart des WCW Titles: Booker vs. Jarrett,07/2000 , 10/2000,4.87,Booker T,Stevie Ray,Jeff Jarrett,Vince Russo
World Wrestling Entertainment,Ein schmachvoller Doppel-Abschied: Goldberg vs. Lesnar,01/2004 , 03/2004,4.87,Brock Lesnar,Steve Austin,World Wrestling Entertainment,Summary
World Wrestling Entertainment,CM Punk vs. Chavo Guerrero,12/2007 , 03/2008,4.86,Comments,CM Punk,Chavo Guerrero,Edge
Ohio Valley Wrestling,Wer ist der Stärkste im Valley? - DaBone vs. Rodimer,02/2007 , 04/2007,4.83,Daniel Rodimer,Ohio Valley Wrestling,Summary,(?)
World Wrestling Entertainment,Das letzte Hurra der Briscos,11/1984 , 02/1985,4.83,Jack Brisco,Jerry Brisco,Adrian Adonis,Dick Murdoch
World Wrestling Entertainment,Gürtelgier der anderen Art: Goldust vs. DiBiase,09/2010 , 11/2010,4.82,Ted DiBiase,Maryse,Aksana,World Wrestling Entertainment
World Wrestling Entertainment,Ein Aufsteiger misst sich am Goldstandard: Morrison vs. Benjamin,04/2009 , 06/2009,4.8,John Morrison,Shelton Benjamin,Charlie Haas,World Wrestling Entertainment
World Wrestling Entertainment,MVP & Henry vs. Jeri-Show,08/2009 , 09/2009,4.79,Montel Vontavious Porter,Mark Henry,Chris Jericho,The Big Show
World Wrestling Entertainment,Steiner Brothers vs. Money Inc.,06/1993 , 08/1993,4.75,Scott Steiner,Rick Steiner,Ted DiBiase,Irwin R. Schyster
World Wrestling Entertainment,Ehrbar lass die anderen sein: Orton vs. Sheamus,01/2010 , 10/2010,4.74,Randy Orton,Sheamus,World Wrestling Entertainment,Summary
World Wrestling Entertainment,"Masken-Manie, T-Shirt Slogans und ein enttäuschter Broski: Kane vs. Cena",12/2011 , 02/2012,4.74,Kane,John Cena,Zack Ryder,Eve Torres
World Wrestling Entertainment,Rey Mysterios ultimative Underdog-Story,01/2006 , 04/2006,4.73,Rey Mysterio,Randy Orton,Kurt Angle,World Wrestling Entertainment
World Wrestling Entertainment,London & Kendrick vs. Deuce & Domino,02/2007 , 06/2007,4.73,Brian Kendrick,Paul London,Deuce,Domino
Impact Wrestling,Kein Alkohol ist auch keine Lösung: Rhino vs. Storm,06/2007 , 03/2008,4.7,Rhino,James Storm,Jackie Moore,Total Nonstop Action Wrestling
World Wrestling Entertainment,"Der Awesome One, oben angekommen: Orton vs. Miz",11/2010 , 01/2011,4.69,Randy Orton,The Miz,Alex Riley,David Arquette
Impact Wrestling,Wer ist Suicide? Die Machine Guns auf der Jagd nach dem Maskenmann,03/2009 , 06/2009,4.67,Suicide,Alex Shelley,Chris Sabin,Consequences Creed
World Wrestling Entertainment,John Cena gegen das Bischoff-Regime,06/2005 , 01/2006,4.66,John Cena,Eric Bischoff,Chris Jericho,Kurt Angle
World Wrestling Entertainment,Die Rache des kahlen Vince,04/2007 , 06/2007,4.64,Bobby Lashley,Vince McMahon,Shane McMahon,Umaga
Impact Wrestling,"Chris, ich bin dein Vater: Abyss vs. Mesias",07/2007 , 02/2008,4.64,Comments,Abyss,Judas Mesias,James Mitchell
World Wrestling Entertainment,Rockträger gegen Cheerleader: Highlanders vs. Spirit Squad,07/2006 , 09/2006,4.64,Rory McAllister,Roddy Piper,Kenny,Johnny
Impact Wrestling,X-Division Gets Punk'd: Styles vs. Moore,12/2005 , 03/2006,4.62,Shannon Moore,Total Nonstop Action Wrestling,Summary,(?)
World Wrestling Entertainment,Randy Orton vs. Kane,02/2012 , 05/2012,4.59,Comments,Randy Orton,Kane,World Wrestling Entertainment
World Wrestling Entertainment,Des Keltenkriegers Krönung: Cena vs. Sheamus,11/2009 , 07/2010,4.58,Comments,John Cena,Sheamus,World Wrestling Entertainment
World Wrestling Entertainment,Die erste Hürde für den schweizer Champion: Antonio Cesaro vs. R-Truth,10/2012 , 12/2012,4.58,Antonio Cesaro,R-Truth,World Wrestling Entertainment,Summary
World Championship Wrestling,Ein Haufen Verräter und ein Schauspieler als World Champ: DDP vs. New Blood,03/2000 , 06/2000,4.57,Diamond Dallas Page,Eric Bischoff,Jeff Jarrett,Mike Awesome
World Wrestling Entertainment,Brit-Power in der Damen-Division: Mickie vs. Katie,05/2008 , 08/2008,4.56,Katie Lea,World Wrestling Entertainment,Summary,(?)
World Wrestling Entertainment,Kofi und die Langfinger,07/2009 , 10/2009,4.56,Kofi Kingston,The Miz,Jack Swagger,World Wrestling Entertainment
World Wrestling Entertainment,Mickie vs. Maryse,05/2009 , 07/2009,4.56,Maryse,World Wrestling Entertainment,Summary,(?)
World Wrestling Entertainment,Die unerfüllte Mission: DX vs. Jeri-Show,10/2009 , 01/2010,4.56,Comments,Triple H,Shawn Michaels,Hornswoggle
World Wrestling Entertainment,Familia hält zusammen: Rey Mysterio vs. Edge,01/2008 , 02/2008,4.54,Rey Mysterio,Edge,Vickie Guerrero,Curt Hawkins
World Wrestling Entertainment,Gekränkte Kriegerehre: Shelton vs. Sheamus,09/2009 , 10/2009,4.5,Shelton Benjamin,Sheamus,World Wrestling Entertainment,Summary
World Wrestling Entertainment,It's not right if it's not White: Shelton Benjamin vs. Kerwin White,08/2005 , 11/2005,4.5,Shelton Benjamin,Val Venis,Kerwin White,Nick Nemeth
World Wrestling Entertainment,Undertaker vs. Heidenreich,10/2004 , 01/2005,4.48,Comments,The Undertaker,Heidenreich,Paul Heyman
World Wrestling Entertainment,Das Tier gegen den Riesen: Batista vs. Khali,07/2007 , 10/2007,4.45,Batista,Ric Flair,The Great Khali,Ranjin Singh
World Wrestling Entertainment,Dolph und Vickie: Die Zusammenkunft,04/2010 , 06/2010,4.43,Vickie Guerrero,Chavo Guerrero,Christian,Hornswoggle
World Wrestling Entertainment,Ein Kommentator im Größenwahn: Lawler vs. Cole,11/2010 , 05/2011,4.43,Comments,Jerry Lawler,Jim Ross,Steve Austin
World Wrestling Entertainment,Paul Bearers schockierendes Ende: Undertaker vs. Dudley Boyz,03/2004 , 06/2004,4.41,Comments,The Undertaker,Paul Bearer,Paul Heyman
World Wrestling Entertainment,Der Partyschreck: R-Truth vs. McIntyre,08/2009 , 10/2009,4.4,Drew McIntyre,World Wrestling Entertainment,Summary,(?)
World Wrestling Entertainment,Kane vs. King Booker,01/2007 , 02/2007,4.38,Comments,Kane,King Booker,Queen Sharmell
World Wrestling Entertainment,Ein Redneck und ein Punk auf Titeljagd: Miz & Morrison vs. Yang & Moore,11/2007 , 05/2008,4.38,Jimmy Wang Yang,Shannon Moore,John Morrison,The Miz
World Wrestling Entertainment,Cryme Tyme vs. Rhodes & DiBiase,07/2008 , 09/2008,4.38,Shad,Cody Rhodes,Ted DiBiase,Manu
World Wrestling Entertainment,"Ein Plan, der über Leichen geht: Edge vs. Kane 2010",10/2010 , 01/2011,4.37,Edge,Kane,Paul Bearer,World Wrestling Entertainment
World Wrestling Entertainment,"Günstlingswirtschaft, die Zweite: Kofi vs. Ziggler",06/2010 , 01/2011,4.36,Kofi Kingston,Dolph Ziggler,Vickie Guerrero,Jack Swagger
World Wrestling Entertainment,Cena zwischen alten Feinden,02/2009 , 06/2009,4.35,Comments,John Cena,Edge,Vickie Guerrero
Lucha Underground,"Ein Krieg, der in Mexiko begann: Alberto El Patron vs. Texano",01/2015 , 01/2015,4.33,Alberto El Patron,Texano,Lucha Underground,Summary
Impact Wrestling,Freiheit für Eric: Roode vs. Young,11/2006 , 08/2007,4.31,Eric Young,Petey Williams,Jeff Jarrett,Gail Kim
World Wrestling Entertainment,Der neue Kopf der Hydra: Cena vs. New Nexus,12/2010 , 02/2011,4.29,Comments,John Cena,CM Punk,David Otunga
World Wrestling Entertainment,Alter Hass rostet nicht: Triple H vs. Vince McMahon,08/2007 , 01/2008,4.27,Triple H,Vince McMahon,Carlito,Umaga
Impact Wrestling,Ein Unparteiischer setzt sich zur Wehr: Sewell vs. Bashir,09/2008 , 02/2009,4.17,Shane Sewell,Abdul Bashir,Total Nonstop Action Wrestling,Summary
World Wrestling Entertainment,Eine bösartige Drohung: Finlay vs. Mark Henry,10/2008 , 12/2008,4.17,Hornswoggle,Mark Henry,Tony Atlas,World Wrestling Entertainment
World Wrestling Entertainment,Rey schickt JBL in Rente,04/2006 , 05/2006,4.14,Chavo Guerrero,Bobby Lashley,John Bradshaw Layfield,Mark Henry
Impact Wrestling,Der Pope und der Mystery-Man: Suicide vs. Dinero,08/2009 , 10/2009,4.14,Suicide,D'Angelo Dinero,Total Nonstop Action Wrestling,Summary
World Wrestling Entertainment,Der Opportunist kommt nicht aus seiner Haut: Orton vs. Edge,04/2010 , 07/2010,4.14,Randy Orton,Edge,Vickie Guerrero,Christian
World Wrestling Entertainment,Die letzte Fahrt mit Diesel-Motor: Nash vs. Hunter,04/2003 , 08/2003,4.11,Kevin Nash,Shawn Michaels,Triple H,Chris Jericho
World Wrestling Entertainment,Eine Frage von Sekunden: Chris Benoit vs. Orlando Jordan,07/2005 , 10/2005,4.11,Chris Benoit,Orlando Jordan,World Wrestling Entertainment,Summary
World Wrestling Entertainment,Höhere Gerechtigkeit: Hulk Hogan vs. Sid Justice,01/1992 , 04/1992,4.08,Hulk Hogan,The Ultimate Warrior,Sid Justice,Harvey Wippleman
World Wrestling Entertainment,Victorias Liste,11/2006 , 01/2007,4.07,Mickie James,Maria,Torrie Wilson,Lilian Garcia
World Wrestling Entertainment,Jake Roberts und Bad News Browns Kanalratten,04/1990 , 08/1990,4.0,Jake Roberts,Bad News Brown,World Wrestling Federation,Summary
World Championship Wrestling,Goldberg vs. Bigelow,11/1998 , 02/1999,4.0,Goldberg,Bam Bam Bigelow,World Championship Wrestling,Summary
World Wrestling Entertainment,Kane vs. Chavo,03/2008 , 05/2008,4.0,Chavo Guerrero,Bam Neely,World Wrestling Entertainment,Notes
Impact Wrestling,Taylor und ihr Traumritt: Wilde vs. Awesome Kong,05/2008 , 11/2008,4.0,Taylor Wilde,Awesome Kong,Raisha Saeed,Total Nonstop Action Wrestling
World Wrestling Entertainment,Bedrohung aus der Südsee: Undertaker & Kane vs. Rikishi & Haku,01/2001 , 03/2001,4.0,The Undertaker,Kane,Rikishi,Haku
Impact Wrestling,Die 3 Live Kru fällt auseinander,06/2005 , 04/2006,3.97,BG James,Kip James,The Outlaw,Bob Armstrong
World Wrestling Entertainment,Politur für verblassten Glanz: Punk vs. Regal,12/2008 , 02/2009,3.93,CM Punk,William Regal,Layla,World Wrestling Entertainment
World Wrestling Entertainment,Die Ankunft des jungen Rhodes,07/2007 , 07/2007,3.86,Cody Rhodes,Dusty Rhodes,Randy Orton,World Wrestling Entertainment
World Championship Wrestling,Der beste Freund wird zum Feind: Hulk Hogan vs. The Three Faces Of Fear,08/1994 , 03/1995,3.86,Hulk Hogan,Randy Savage,Sting,Dave Sullivan
Impact Wrestling,Der Franchise pocht auf sein Recht: Daniels vs. Douglas,05/2009 , 06/2009,3.83,AJ Styles,Shane Douglas,Total Nonstop Action Wrestling,Summary
World Wrestling Entertainment,Abgesang mit dem Animal: Batista vs. JBL,06/2005 , 09/2005,3.81,Batista,John Bradshaw Layfield,Orlando Jordan,World Wrestling Entertainment
World Wrestling Entertainment,Mega Maniacs vs. Money Inc.,02/1993 , 04/1993,3.81,Hulk Hogan,Brutus Beefcake,Jimmy Hart,Ted DiBiase
World Wrestling Entertainment,Die Unbezahlbaren gegen die Altvorderen: DiBiase/Rhodes vs. Duggan/Lawler,07/2008 , 08/2008,3.74,Ted DiBiase,Cody Rhodes,Jim Duggan,Jerry Lawler
World Wrestling Entertainment,Kollision der Lebenswege: MVP vs. Swagger,07/2009 , 08/2009,3.73,Comments,Montel Vontavious Porter,Jack Swagger,World Wrestling Entertainment
Impact Wrestling,Frau Gouverneurin beliebt zu scherzen,11/2008 , 03/2009,3.71,Taylor Wilde,Roxxi,Angelina Love,Velvet Sky
World Wrestling Entertainment,Bodyguards mit größeren Plänen: Diesel vs. Sid,04/1995 , 07/1995,3.71,Diesel,Bam Bam Bigelow,Sid,Ted DiBiase
World Wrestling Entertainment,Cäsars verhinderte Erben: Der Feldzug des Corre,01/2011 , 05/2011,3.69,The Big Show,Kane,Santino Marella,Vladimir Kozlov
World Wrestling Entertainment,Rey & RVD vs. Dupree & Kenzo,08/2004 , 12/2004,3.68,Rob Van Dam,Rey Mysterio,Torrie Wilson,Kenzo Suzuki
World Wrestling Entertainment,Die Wiederkehr des Wrestlinggotts: Jericho vs. JBL,12/2007 , 02/2008,3.67,Comments,Chris Jericho,John Bradshaw Layfield,World Wrestling Entertainment
Impact Wrestling,Ein Abgedrehter will es nochmal wissen: Backlund vs. Machine Guns,04/2007 , 07/2007,3.67,Bob Backlund,Jerry Lynn,Alex Shelley,Chris Sabin
Impact Wrestling,Die erste Hürde für den Boss: Lashley vs. Rhino,08/2009 , 10/2009,3.67,Rhino,Total Nonstop Action Wrestling,Summary,(?)
World Wrestling Entertainment,Der Schwachpunkt eines Monsters: Khali vs. Kane,06/2009 , 09/2009,3.65,Comments,The Great Khali,Ranjin Singh,Kane
Impact Wrestling,Raven vs. Larry Zbyszko,09/2005 , 07/2006,3.62,Raven,Cassidy Riley,Larry Zbyszko,Sean Waltman
World Wrestling Entertainment,"Verklagt, verletzt, versandet: Batista vs. Mark Henry",12/2005 , 07/2006,3.56,Batista,Rey Mysterio,Mark Henry,Melina
World Wrestling Entertainment,Die Rache des Knackis: Big Boss Man vs. Nailz,05/1992 , 11/1992,3.55,The Big Boss Man,Nailz,World Wrestling Federation,Summary
World Championship Wrestling,Der Dungeon Of Doom gegen Hulkamania,07/1995 , 03/1996,3.51,Comments,Hulk Hogan,Randy Savage,Sting
Impact Wrestling,Die Hochzeit seines besten Freundes: Lethal vs. Dutt,03/2008 , 10/2008,3.5,Jay Lethal,Sonjay Dutt,SoCal Val,Total Nonstop Action Wrestling
World Wrestling Entertainment,Kinder der Evolution: Batista vs. Orton,11/2008 , 09/2009,3.5,Comments,Batista,Ric Flair,Randy Orton
World Wrestling Entertainment,Auf den Hund gekommen: Al Snow vs. The Big Bossman,07/1999 , 10/1999,3.5,Al Snow,The British Bulldog,The Big Bossman,World Wrestling Federation
World Wrestling Entertainment,Der Indianer will den Goldschatz: Tatanka vs. Michaels,02/1993 , 04/1993,3.44,Tatanka,Shawn Michaels,World Wrestling Federation,Notes
World Wrestling Entertainment,A Playmate For Champion - Trish vs. Christy,02/2005 , 04/2005,3.43,Lita,Trish Stratus,World Wrestling Entertainment,Summary
Impact Wrestling,Ihr Kiefer ist verdrahtet: Booker vs. Roode,11/2007 , 04/2008,3.43,Comments,Booker T,Sharmell,Traci Brooks
World Wrestling Entertainment,Undertaker vs. Great Khali,04/2006 , 08/2006,3.42,The Undertaker,The Great Khali,Daivari,The Big Show
Impact Wrestling,Der Drei-Wochen-Krieg: Lashley vs. Joe,09/2009 , 10/2009,3.4,Samoa Joe,Total Nonstop Action Wrestling,Summary,(?)
World Wrestling Entertainment,Der Prügelknabe beweist sich: Delaney vs. Estrada,03/2008 , 06/2008,3.39,Tommy Dreamer,Armando Estrada,Mike Knox,World Wrestling Entertainment
World Wrestling Entertainment,Kelly's got Balls: Mahoney vs. Miz,07/2007 , 11/2007,3.35,Kelly Kelly,The Miz,Layla,Brooke
Impact Wrestling,Zwei Legenden im Stellvertreter-Krieg: Team Hogan vs. Team Flair,01/2010 , 06/2010,3.33,Hulk Hogan,Abyss,Rob Van Dam,Jeff Hardy
World Wrestling Entertainment,Carlito vs. Masters,04/2006 , 01/2007,3.32,Carlito,Torrie Wilson,Chris Masters,World Wrestling Entertainment
World Wrestling Entertainment,Ein Schritt nach vorn für die Wahrheit: R-Truth vs. The Miz,05/2010 , 07/2010,3.3,The Miz,World Wrestling Entertainment,Summary,(?)
World Wrestling Entertainment,Regals kurzes Königsglück,04/2008 , 05/2008,3.28,Mr. Kennedy,World Wrestling Entertainment,Summary,Notes
World Wrestling Entertainment,Bam Bams großer Auftritt,01/1995 , 04/1995,3.27,Lawrence Taylor,Bam Bam Bigelow,World Wrestling Federation,Summary
World Wrestling Entertainment,Die Doppelte Dosis für den Deadman,10/2002 , 08/2003,3.21,The Undertaker,Nathan Jones,Big Show,A-Train
World Wrestling Entertainment,John Cena als Riesentöter,04/2007 , 06/2007,3.21,John Cena,The Great Khali,World Wrestling Entertainment,Summary
World Wrestling Entertainment,Auf den Spuren der Allied Powers: ShoMiz vs. Morrison & Truth,03/2010 , 04/2010,3.18,John Morrison,R-Truth,The Miz,The Big Show
World Wrestling Entertainment,"Ich sag dir, deine Mutter ist so dick...",01/2006 , 03/2006,3.16,Shelton Benjamin,Shelton's Momma,Ric Flair,World Wrestling Entertainment
World Wrestling Entertainment,Wolkenkratzer unter sich: Big Show vs. Khali,03/2008 , 04/2008,3.14,Comments,The Big Show,The Great Khali,World Wrestling Entertainment
World Championship Wrestling,Goldbergs zweite Streak,08/2000 , 01/2001,3.12,Dewayne Bruce,Vince Russo,Lex Luger,Buff Bagwell
World Wrestling Entertainment,Geknickter Missionar: CM Punk vs. R-Truth & Matt Hardy,11/2009 , 01/2010,3.11,Comments,R-Truth,Matt Hardy,CM Punk
World Wrestling Entertainment,Der kleine Bruderkrieg: Hardy vs. Hardy 2001,11/2001 , 12/2001,3.07,Jeff Hardy,Lita,Matt Hardy,World Wrestling Federation
World Wrestling Entertainment,"Dreamer, Henry und der Untergang des Underdog",07/2008 , 08/2008,3.06,Tommy Dreamer,Mark Henry,Tony Atlas,Colin Delaney
World Wrestling Entertainment,Ein Zwilling kommt selten allein,08/2008 , 11/2008,3.04,Nikki Bella,Victoria,Natalya,World Wrestling Entertainment
World Wrestling Entertainment,Jäger der verlorenen Fackel: Cena vs. JBL II,04/2008 , 07/2008,3.03,Comments,John Cena,JTG,Shad
World Wrestling Entertainment,Verschwörung wider Willen: Undertaker vs. Punk,08/2009 , 10/2009,3.02,The Undertaker,CM Punk,Vince McMahon,Theodore Long
World Wrestling Entertainment,Zwei Eindringlinge auf Probezeit,05/2010 , 07/2010,3.0,Vance Archer,Montel Vontavious Porter,Christian,World Wrestling Entertainment
World Wrestling Entertainment,Litas unrühmlicher Abgang,11/2006 , 11/2006,2.97,Comments,Lita,Mickie James,World Wrestling Entertainment
World Wrestling Entertainment,The Stooges go Hardcore: Brisco vs. Patterson,04/2000 , 06/2000,2.93,Pat Patterson,Crash Holly,Crash,World Wrestling Federation
World Wrestling Entertainment,Carlito & Primo vs. The Kendrick & Ezekiel,11/2008 , 01/2009,2.92,Carlito,Primo,The Brian Kendrick,Ezekiel Jackson
World Wrestling Entertainment,"Neuer Reichtum, alter Virgil: R-Truth vs. DiBiase",04/2010 , 05/2010,2.92,Ted DiBiase,Virgil,Carlito,Primo
World Wrestling Entertainment,Der 19. Mai und der zweite Kane,04/2006 , 06/2006,2.91,Kane,The Big Show,World Wrestling Entertainment,Summary
World Wrestling Entertainment,Juventud vs. Kid Kash,12/2005 , 01/2006,2.89,Juventud,Super Crazy,Kid Kash,World Wrestling Entertainment
World Wrestling Entertainment,Big Hungry wird weinerlich: Jericho vs. Ryback,06/2013 , 07/2013,2.87,Chris Jericho,Ryback,World Wrestling Entertainment,Summary
World Wrestling Entertainment,Dynastiensprosse unter sich: Hart Dynasty vs. Usos,05/2010 , 09/2010,2.84,David Hart Smith,Tyson Kidd,Natalya,Jimmy Uso
World Wrestling Entertainment,Eugene der olympische Held,07/2005 , 08/2005,2.83,Eugene,Christy Hemme,World Wrestling Entertainment,Notes
World Wrestling Entertainment,Legenden sterben nicht: Hogan vs. Orton,07/2006 , 08/2006,2.77,Hulk Hogan,Jerry Lawler,Randy Orton,World Wrestling Entertainment
World Championship Wrestling,Der Aufstieg und Fall Berlyns,08/1999 , 10/1999,2.76,Berlyn,The Wall,Buff Bagwell,Jim Duggan
World Wrestling Entertainment,Streit um Eddies Erbe: Rey vs. Chavo 2006/07,07/2006 , 09/2007,2.73,Rey Mysterio,Chavo Guerrero,Vickie Guerrero,World Wrestling Entertainment
World Wrestling Entertainment,Bunnymania oder: Der Playboy als Emanzipations-Hilfe,01/2008 , 03/2008,2.73,Comments,Maria,Candice Michelle,Ashley
World Wrestling Entertainment,Von Riesen und Glasscherben: Triple H vs. Great Khali,07/2008 , 09/2008,2.69,Triple H,The Great Khali,Ranjin Singh,World Wrestling Entertainment
World Wrestling Entertainment,McCool vs. Maryse,08/2008 , 12/2008,2.68,Michelle McCool,Maryse,World Wrestling Entertainment,Summary
World Wrestling Entertainment,Hornswoggle - McMahons kleiner Satansbraten,09/2007 , 03/2008,2.67,Finlay,Vince McMahon,Jonathan Coachman,John Bradshaw Layfield
World Wrestling Entertainment,Undertaker vs. Giant Gonzalez,01/1993 , 08/1993,2.66,The Undertaker,Paul Bearer,Giant Gonzalez,Harvey Wippleman
World Wrestling Entertainment,Undertaker vs. Mark Henry,02/2006 , 04/2006,2.6,The Undertaker,Mark Henry,Daivari,World Wrestling Entertainment
World Wrestling Entertainment,It wasn't my Fault: Kane vs. Snitsky,09/2004 , 01/2005,2.57,Kane,Lita,Gene Snitsky,World Wrestling Entertainment
World Wrestling Entertainment,Ein Cheerleader geht neue Wege: Flair vs. Dykstra,12/2006 , 01/2007,2.5,Ric Flair,Kenny Dykstra,Kenny,World Wrestling Entertainment
World Wrestling Entertainment,Eine neue Legion: LOD vs. MNM,07/2005 , 10/2005,2.43,Road Warrior Animal,Heidenreich,Christy Hemme,Nitro
World Wrestling Entertainment,Salz und Feuer: Hulk Hogan vs. Yokozuna,04/1993 , 06/1993,2.33,Hulk Hogan,Yokozuna,Mr. Fuji,World Wrestling Federation
World Wrestling Entertainment,Vito entdeckt seine weibliche Seite,05/2006 , 06/2006,2.32,Nunzio,World Wrestling Entertainment,Summary,(?)
World Wrestling Entertainment,Das Monster kann's nicht lassen: Undertaker vs. Kane 2000,08/2000 , 09/2000,2.23,The Undertaker,Kane,World Wrestling Federation,Summary
World Wrestling Entertainment,Rob Conway: Legend Killer Light,10/2005 , 11/2005,2.11,Tyson Tomko,Eugene,Jimmy Snuka,Jim Duggan
World Wrestling Entertainment,Diesmal endgültig: Der Abgesang des JBL,03/2009 , 04/2009,2.1,John Bradshaw Layfield,World Wrestling Entertainment,Summary,(?)
World Wrestling Entertainment,Ist er tot oder lebendig? - Rey vs. Kane,07/2008 , 11/2008,2.09,Comments,Rey Mysterio,Batista,Evan Bourne
World Wrestling Entertainment,Sandman vs. Carlito,06/2007 , 07/2007,2.05,Comments,The Sandman,Jim Duggan,Carlito
World Wrestling Entertainment,Die Love Machine macht ernst: Big Daddy V vs. Boogeyman,07/2007 , 09/2007,1.95,Big Daddy V,Matt Striker,World Wrestling Entertainment,Summary
Impact Wrestling,Ein Maskenmann macht Jagd auf Styles: AJ Styles vs. Tomko,10/2009 , 01/2010,1.94,Tomko,Total Nonstop Action Wrestling,Summary,(?)
World Wrestling Entertainment,Bobby Lashley vs. Test,12/2006 , 01/2007,1.92,Bobby Lashley,Test,Rob Van Dam,World Wrestling Entertainment
World Wrestling Entertainment,Archaische Triebe: Mysterio vs. Knox,11/2008 , 03/2009,1.91,Rey Mysterio,Mike Knox,World Wrestling Entertainment,Summary
World Championship Wrestling,Booker T vs. Harlem Heat 2000,12/1999 , 03/2000,1.88,Booker T,Booker,Midnight,Billy Kidman
Impact Wrestling,Auf die alten Zeiten: Eric Young vs. The Band,02/2010 , 04/2010,1.88,Scott Hall,Syxx-Pac,Kevin Nash,Total Nonstop Action Wrestling
World Wrestling Entertainment,"Punk, Big Show und Risse in der Society",06/2010 , 09/2010,1.88,Comments,CM Punk,Serena,Joseph Mercury
Impact Wrestling,Dustins neue Persönlichkeitsstörung,07/2007 , 09/2007,1.76,Black Reign,Chris Harris,Total Nonstop Action Wrestling,Summary
Impact Wrestling,Der Deaner auf Kaufmans Spuren,07/2009 , 09/2009,1.75,Cody Deaner,Angelina Love,Velvet Sky,Madison Rayne
Impact Wrestling,All Hail The Kings Of Wrestling,09/2004 , 01/2005,1.71,Comments,Jeff Jarrett,Kevin Nash,Scott Hall
World Wrestling Entertainment,Santinos kurzlebiges Wunder von Mailand,04/2007 , 07/2007,1.49,Maria,Umaga,World Wrestling Entertainment,Summary
World Championship Wrestling,"Hogan, Team Package und das Yapapi",02/2000 , 03/2000,1.33,Comments,Hulk Hogan,Jimmy Hart,The Total Package
Impact Wrestling,Frauen an die Macht: VKM vs. Christy,01/2007 , 07/2007,1.32,Kip James,BG James,Roxxi Laveaux,Christy Hemme
World Wrestling Entertainment,My Time: JTG vs. Shad Gaspard,04/2010 , 05/2010,1.25,Shad Gaspard,World Wrestling Entertainment,Summary,(?)
World Wrestling Entertainment,Wer hat mein Muttermal gegessen?  Boogeyman vs. JBL,12/2005 , 01/2006,1.2,John Bradshaw Layfield,Jillian Hall,World Wrestling Entertainment,Summary
World Wrestling Entertainment,I'm special! Eugenes böse Seite,11/2006 , 01/2007,1.1,Jim Duggan,Val Venis,World Wrestling Entertainment,Summary
World Championship Wrestling,Stacys süßes Geheimnis,09/2000 , 10/2000,1.0,Stacy Keibler,Buff Bagwell,MI Smooth,World Championship Wrestling
World Wrestling Entertainment,Das große Chaos um JR,10/2005 , 11/2005,0.95,Jim Ross,Batista,Vince McMahon,Stephanie McMahon
World Wrestling Entertainment,"Glückwunsch, es ist ein eine Hand?!?",01/2000 , 02/2000,0.74,Mae Young,Hardcore Holly,Crash Holly,Viscera
World Championship Wrestling,Hogan vs. Warrior Reloaded,08/1998 , 10/1998,0.72,Comments,The Warrior,The Disciple,Hollywood Hogan
World Wrestling Entertainment,Ashley vs. Melina,02/2007 , 04/2007,0.72,Melina,World Wrestling Entertainment,Notes,(?)
World Wrestling Entertainment,Immer Ärger mit dem Knirps: Hornswoggle vs. Chavo,07/2009 , 12/2009,0.63,Mark Henry,Evan Bourne,Santino Marella,Chavo Guerrero
World Wrestling Entertainment,King Mabel greift nach dem Gold,06/1995 , 08/1995,0.58,Diesel,King Mabel,Sir Mo,World Wrestling Federation
World Wrestling Entertainment,Eine Schweinerei zum Abschied: Santina vs. Vickie,05/2009 , 06/2009,0.52,Santino Marella,Vickie Guerrero,Chavo Guerrero,William Regal
World Wrestling Entertainment,Ein People's Champion wird zum Stalker: Undertaker vs. DDP,05/2001 , 08/2001,0.52,Comments,The Undertaker,Kane,Sara
Impact Wrestling,Die Saga des Team Pacman,08/2007 , 10/2007,0.48,Ron Killings,Rasheed Lucius Creed,Kurt Angle,Sting
Impact Wrestling,Die Rückkehr der Alt-Chaoten: Team 3D vs. Nasty Boys,01/2010 , 03/2010,0.47,Brother Devon,Jesse Neal,Brother Runt,Jerry Sags
Impact Wrestling,Bruce wird Miss TNA,07/2002 , 11/2002,0.35,April,Taylor Vaughn,April Hunter,Hermie Sadler
World Wrestling Entertainment,Die traurige Geschichte von Katie Vick,10/2002 , 11/2002,0.31,Kane,The Hurricane,Triple H,Ric Flair
